data_io_setup,-1,111,0,1
init_kernel_run,0,2,0,1
init_kernels,-1,8,0,1
init_io,-1,56,0,1
kernel_run,0,41,0,1
kernel_run,1,0,0,1
kernel_run,2,9,0,1
kernel_run,3,26,0,1
kernel_run,4,0,0,1
kernel_run,5,0,0,1
kernel_run,6,0,0,1
kernel_run,7,0,0,1
kernel_run,8,0,0,1
iteration_run,0,97,0,1
iteration_io,0,1,0,1
kernel_run,0,45,0,1
kernel_run,1,0,0,1
kernel_run,2,9,0,1
kernel_run,3,26,0,1
kernel_run,4,0,0,1
kernel_run,5,0,0,1
kernel_run,6,0,0,1
kernel_run,7,0,0,1
kernel_run,8,0,0,1
iteration_run,1,105,0,1
iteration_io,1,1,0,1
kernel_run,0,47,0,1
kernel_run,1,0,0,1
kernel_run,2,10,0,1
kernel_run,3,26,0,1
kernel_run,4,0,0,1
kernel_run,5,0,0,1
kernel_run,6,0,0,1
kernel_run,7,17,0,1
kernel_run,8,0,0,1
iteration_run,2,128,0,1
iteration_io,2,1,0,1
kernel_run,0,51,0,1
kernel_run,1,0,0,1
kernel_run,2,9,0,1
kernel_run,3,27,0,1
kernel_run,4,0,0,1
kernel_run,5,0,0,1
kernel_run,6,0,0,1
kernel_run,7,0,0,1
kernel_run,8,0,0,1
iteration_run,3,171,0,1
iteration_io,3,5,0,1
kernel_run,0,70,0,1
kernel_run,1,1,0,1
kernel_run,2,10,0,1
kernel_run,3,32,0,1
kernel_run,4,0,0,1
kernel_run,5,0,0,1
kernel_run,6,0,0,1
kernel_run,7,0,0,1
kernel_run,8,0,0,1
iteration_run,4,134,0,1
iteration_io,4,1,0,1
kernel_run,0,47,0,1
kernel_run,1,0,0,1
kernel_run,2,9,0,1
kernel_run,3,26,0,1
kernel_run,4,0,0,1
kernel_run,5,0,0,1
kernel_run,6,0,0,1
kernel_run,7,0,0,1
kernel_run,8,0,0,1
iteration_run,5,107,0,1
iteration_io,5,1,0,1
kernel_run,0,71,0,1
kernel_run,1,0,0,1
kernel_run,2,12,0,1
kernel_run,3,41,0,1
kernel_run,4,0,0,1
kernel_run,5,0,0,1
kernel_run,6,1,0,1
kernel_run,7,0,0,1
kernel_run,8,0,0,1
iteration_run,6,152,0,1
iteration_io,6,2,0,1
kernel_run,0,57,0,1
kernel_run,1,0,0,1
kernel_run,2,9,0,1
kernel_run,3,26,0,1
kernel_run,4,0,0,1
kernel_run,5,0,0,1
kernel_run,6,0,0,1
kernel_run,7,0,0,1
kernel_run,8,1,0,1
iteration_run,7,129,0,1
iteration_io,7,1,0,1
kernel_run,0,51,0,1
kernel_run,1,0,0,1
kernel_run,2,9,0,1
kernel_run,3,26,0,1
kernel_run,4,0,0,1
kernel_run,5,0,0,1
kernel_run,6,0,0,1
kernel_run,7,0,0,1
kernel_run,8,0,0,1
iteration_run,8,128,0,1
iteration_io,8,1,0,1
kernel_run,0,46,0,1
kernel_run,1,0,0,1
kernel_run,2,9,0,1
kernel_run,3,26,0,1
kernel_run,4,0,0,1
kernel_run,5,0,0,1
kernel_run,6,0,0,1
kernel_run,7,0,0,1
kernel_run,8,0,0,1
iteration_run,9,100,0,1
iteration_io,9,1,0,1
kernel_run,0,49,0,1
kernel_run,1,0,0,1
kernel_run,2,12,0,1
kernel_run,3,34,0,1
kernel_run,4,0,0,1
kernel_run,5,0,0,1
kernel_run,6,0,0,1
kernel_run,7,0,0,1
kernel_run,8,0,0,1
iteration_run,10,122,0,1
iteration_io,10,4,0,1
kernel_run,0,46,0,1
kernel_run,1,0,0,1
kernel_run,2,9,0,1
kernel_run,3,26,0,1
kernel_run,4,0,0,1
kernel_run,5,0,0,1
kernel_run,6,0,0,1
kernel_run,7,0,0,1
kernel_run,8,0,0,1
iteration_run,11,116,0,1
iteration_io,11,1,0,1
kernel_run,0,87,0,1
kernel_run,1,0,0,1
kernel_run,2,9,0,1
kernel_run,3,27,0,1
kernel_run,4,0,0,1
kernel_run,5,0,0,1
kernel_run,6,0,0,1
kernel_run,7,0,0,1
kernel_run,8,0,0,1
iteration_run,12,150,0,1
iteration_io,12,1,0,1
kernel_run,0,45,0,1
kernel_run,1,0,0,1
kernel_run,2,9,0,1
kernel_run,3,26,0,1
kernel_run,4,0,0,1
kernel_run,5,0,0,1
kernel_run,6,0,0,1
kernel_run,7,0,0,1
kernel_run,8,0,0,1
iteration_run,13,103,0,1
iteration_io,13,1,0,1
kernel_run,0,51,0,1
kernel_run,1,0,0,1
kernel_run,2,12,0,1
kernel_run,3,37,0,1
kernel_run,4,0,0,1
kernel_run,5,0,0,1
kernel_run,6,0,0,1
kernel_run,7,0,0,1
kernel_run,8,0,0,1
iteration_run,14,131,0,1
iteration_io,14,2,0,1
kernel_run,0,46,0,1
kernel_run,1,0,0,1
kernel_run,2,9,0,1
kernel_run,3,26,0,1
kernel_run,4,0,0,1
kernel_run,5,0,0,1
kernel_run,6,0,0,1
kernel_run,7,0,0,1
kernel_run,8,0,0,1
iteration_run,15,101,0,1
iteration_io,15,1,0,1
kernel_run,0,44,0,1
kernel_run,1,0,0,1
kernel_run,2,9,0,1
kernel_run,3,26,0,1
kernel_run,4,0,0,1
kernel_run,5,0,0,1
kernel_run,6,0,0,1
kernel_run,7,0,0,1
kernel_run,8,0,0,1
iteration_run,16,103,0,1
iteration_io,16,1,0,1
kernel_run,0,45,0,1
kernel_run,1,0,0,1
kernel_run,2,9,0,1
kernel_run,3,26,0,1
kernel_run,4,0,0,1
kernel_run,5,0,0,1
kernel_run,6,0,0,1
kernel_run,7,0,0,1
kernel_run,8,0,0,1
iteration_run,17,120,0,1
iteration_io,17,2,0,1
kernel_run,0,50,0,1
kernel_run,1,0,0,1
kernel_run,2,12,0,1
kernel_run,3,37,0,1
kernel_run,4,0,0,1
kernel_run,5,0,0,1
kernel_run,6,0,0,1
kernel_run,7,1,0,1
kernel_run,8,0,0,1
iteration_run,18,122,0,1
iteration_io,18,1,0,1
kernel_run,0,46,0,1
kernel_run,1,0,0,1
kernel_run,2,11,0,1
kernel_run,3,27,0,1
kernel_run,4,0,0,1
kernel_run,5,0,0,1
kernel_run,6,0,0,1
kernel_run,7,0,0,1
kernel_run,8,0,0,1
iteration_run,19,107,0,1
iteration_io,19,1,0,1
kernel_run,0,46,0,1
kernel_run,1,0,0,1
kernel_run,2,9,0,1
kernel_run,3,27,0,1
kernel_run,4,0,0,1
kernel_run,5,0,0,1
kernel_run,6,0,0,1
kernel_run,7,0,0,1
kernel_run,8,0,0,1
iteration_run,20,101,0,1
iteration_io,20,2,0,1
kernel_run,0,46,0,1
kernel_run,1,0,0,1
kernel_run,2,9,0,1
kernel_run,3,26,0,1
kernel_run,4,0,0,1
kernel_run,5,0,0,1
kernel_run,6,0,0,1
kernel_run,7,0,0,1
kernel_run,8,0,0,1
iteration_run,21,101,0,1
iteration_io,21,1,0,1
kernel_run,0,73,0,1
kernel_run,1,0,0,1
kernel_run,2,24,0,1
kernel_run,3,36,0,1
kernel_run,4,0,0,1
kernel_run,5,0,0,1
kernel_run,6,2,0,1
kernel_run,7,0,0,1
kernel_run,8,0,0,1
iteration_run,22,158,0,1
iteration_io,22,1,0,1
kernel_run,0,48,0,1
kernel_run,1,0,0,1
kernel_run,2,11,0,1
kernel_run,3,30,0,1
kernel_run,4,0,0,1
kernel_run,5,0,0,1
kernel_run,6,0,0,1
kernel_run,7,0,0,1
kernel_run,8,0,0,1
iteration_run,23,117,0,1
iteration_io,23,1,0,1
kernel_run,0,57,0,1
kernel_run,1,0,0,1
kernel_run,2,13,0,1
kernel_run,3,27,0,1
kernel_run,4,0,0,1
kernel_run,5,0,0,1
kernel_run,6,0,0,1
kernel_run,7,0,0,1
kernel_run,8,0,0,1
iteration_run,24,121,0,1
iteration_io,24,1,0,1
kernel_run,0,53,0,1
kernel_run,1,0,0,1
kernel_run,2,12,0,1
kernel_run,3,36,0,1
kernel_run,4,0,0,1
kernel_run,5,0,0,1
kernel_run,6,0,0,1
kernel_run,7,0,0,1
kernel_run,8,0,0,1
iteration_run,25,121,0,1
iteration_io,25,1,0,1
kernel_run,0,51,0,1
kernel_run,1,5,0,1
kernel_run,2,12,0,1
kernel_run,3,35,0,1
kernel_run,4,0,0,1
kernel_run,5,0,0,1
kernel_run,6,0,0,1
kernel_run,7,0,0,1
kernel_run,8,0,0,1
iteration_run,26,122,0,1
iteration_io,26,1,0,1
kernel_run,0,58,0,1
kernel_run,1,0,0,1
kernel_run,2,11,0,1
kernel_run,3,29,0,1
kernel_run,4,0,0,1
kernel_run,5,0,0,1
kernel_run,6,0,0,1
kernel_run,7,0,0,1
kernel_run,8,0,0,1
iteration_run,27,123,0,1
iteration_io,27,1,0,1
kernel_run,0,52,0,1
kernel_run,1,1,0,1
kernel_run,2,10,0,1
kernel_run,3,28,0,1
kernel_run,4,0,0,1
kernel_run,5,0,0,1
kernel_run,6,0,0,1
kernel_run,7,0,0,1
kernel_run,8,0,0,1
iteration_run,28,126,0,1
iteration_io,28,1,0,1
kernel_run,0,55,0,1
kernel_run,1,0,0,1
kernel_run,2,14,0,1
kernel_run,3,39,0,1
kernel_run,4,0,0,1
kernel_run,5,0,0,1
kernel_run,6,0,0,1
kernel_run,7,0,0,1
kernel_run,8,0,0,1
iteration_run,29,161,0,1
iteration_io,29,1,0,1
kernel_run,0,52,0,1
kernel_run,1,0,0,1
kernel_run,2,10,0,1
kernel_run,3,28,0,1
kernel_run,4,0,0,1
kernel_run,5,0,0,1
kernel_run,6,0,0,1
kernel_run,7,0,0,1
kernel_run,8,0,0,1
iteration_run,30,119,0,1
iteration_io,30,2,0,1
kernel_run,0,57,0,1
kernel_run,1,0,0,1
kernel_run,2,9,0,1
kernel_run,3,28,0,1
kernel_run,4,0,0,1
kernel_run,5,0,0,1
kernel_run,6,0,0,1
kernel_run,7,0,0,1
kernel_run,8,0,0,1
iteration_run,31,119,0,1
iteration_io,31,1,0,1
kernel_run,0,50,0,1
kernel_run,1,0,0,1
kernel_run,2,12,0,1
kernel_run,3,29,0,1
kernel_run,4,0,0,1
kernel_run,5,0,0,1
kernel_run,6,0,0,1
kernel_run,7,0,0,1
kernel_run,8,0,0,1
iteration_run,32,110,0,1
iteration_io,32,2,0,1
kernel_run,0,53,0,1
kernel_run,1,0,0,1
kernel_run,2,12,0,1
kernel_run,3,46,0,1
kernel_run,4,0,0,1
kernel_run,5,0,0,1
kernel_run,6,0,0,1
kernel_run,7,0,0,1
kernel_run,8,0,0,1
iteration_run,33,138,0,1
iteration_io,33,1,0,1
kernel_run,0,49,0,1
kernel_run,1,0,0,1
kernel_run,2,10,0,1
kernel_run,3,31,0,1
kernel_run,4,0,0,1
kernel_run,5,0,0,1
kernel_run,6,0,0,1
kernel_run,7,0,0,1
kernel_run,8,0,0,1
iteration_run,34,110,0,1
iteration_io,34,1,0,1
kernel_run,0,52,0,1
kernel_run,1,9,0,1
kernel_run,2,14,0,1
kernel_run,3,29,0,1
kernel_run,4,0,0,1
kernel_run,5,0,0,1
kernel_run,6,0,0,1
kernel_run,7,0,0,1
kernel_run,8,0,0,1
iteration_run,35,132,0,1
iteration_io,35,4,0,1
kernel_run,0,46,0,1
kernel_run,1,0,0,1
kernel_run,2,9,0,1
kernel_run,3,27,0,1
kernel_run,4,0,0,1
kernel_run,5,0,0,1
kernel_run,6,0,0,1
kernel_run,7,0,0,1
kernel_run,8,0,0,1
iteration_run,36,106,0,1
iteration_io,36,1,0,1
kernel_run,0,57,0,1
kernel_run,1,0,0,1
kernel_run,2,14,0,1
kernel_run,3,39,0,1
kernel_run,4,0,0,1
kernel_run,5,0,0,1
kernel_run,6,0,0,1
kernel_run,7,0,0,1
kernel_run,8,0,0,1
iteration_run,37,136,0,1
iteration_io,37,1,0,1
kernel_run,0,48,0,1
kernel_run,1,1,0,1
kernel_run,2,9,0,1
kernel_run,3,28,0,1
kernel_run,4,0,0,1
kernel_run,5,0,0,1
kernel_run,6,0,0,1
kernel_run,7,0,0,1
kernel_run,8,0,0,1
iteration_run,38,111,0,1
iteration_io,38,1,0,1
kernel_run,0,46,0,1
kernel_run,1,0,0,1
kernel_run,2,10,0,1
kernel_run,3,27,0,1
kernel_run,4,0,0,1
kernel_run,5,0,0,1
kernel_run,6,0,0,1
kernel_run,7,0,0,1
kernel_run,8,0,0,1
iteration_run,39,102,0,1
iteration_io,39,1,0,1
kernel_run,0,44,0,1
kernel_run,1,0,0,1
kernel_run,2,9,0,1
kernel_run,3,27,0,1
kernel_run,4,0,0,1
kernel_run,5,0,0,1
kernel_run,6,0,0,1
kernel_run,7,0,0,1
kernel_run,8,0,0,1
iteration_run,40,125,0,1
iteration_io,40,1,0,1
kernel_run,0,104,0,1
kernel_run,1,0,0,1
kernel_run,2,12,0,1
kernel_run,3,36,0,1
kernel_run,4,0,0,1
kernel_run,5,0,0,1
kernel_run,6,0,0,1
kernel_run,7,0,0,1
kernel_run,8,0,0,1
iteration_run,41,185,0,1
iteration_io,41,2,0,1
kernel_run,0,48,0,1
kernel_run,1,0,0,1
kernel_run,2,9,0,1
kernel_run,3,26,0,1
kernel_run,4,0,0,1
kernel_run,5,0,0,1
kernel_run,6,0,0,1
kernel_run,7,0,0,1
kernel_run,8,0,0,1
iteration_run,42,123,0,1
iteration_io,42,3,0,1
kernel_run,0,52,0,1
kernel_run,1,0,0,1
kernel_run,2,9,0,1
kernel_run,3,27,0,1
kernel_run,4,0,0,1
kernel_run,5,0,0,1
kernel_run,6,0,0,1
kernel_run,7,0,0,1
kernel_run,8,0,0,1
iteration_run,43,117,0,1
iteration_io,43,1,0,1
kernel_run,0,48,0,1
kernel_run,1,0,0,1
kernel_run,2,9,0,1
kernel_run,3,27,0,1
kernel_run,4,0,0,1
kernel_run,5,0,0,1
kernel_run,6,0,0,1
kernel_run,7,0,0,1
kernel_run,8,0,0,1
iteration_run,44,112,0,1
iteration_io,44,1,0,1
kernel_run,0,51,0,1
kernel_run,1,0,0,1
kernel_run,2,12,0,1
kernel_run,3,35,0,1
kernel_run,4,0,0,1
kernel_run,5,0,0,1
kernel_run,6,0,0,1
kernel_run,7,0,0,1
kernel_run,8,0,0,1
iteration_run,45,120,0,1
iteration_io,45,2,0,1
kernel_run,0,47,0,1
kernel_run,1,0,0,1
kernel_run,2,9,0,1
kernel_run,3,27,0,1
kernel_run,4,0,0,1
kernel_run,5,0,0,1
kernel_run,6,0,0,1
kernel_run,7,1,0,1
kernel_run,8,0,0,1
iteration_run,46,113,0,1
iteration_io,46,2,0,1
kernel_run,0,48,0,1
kernel_run,1,0,0,1
kernel_run,2,9,0,1
kernel_run,3,27,0,1
kernel_run,4,0,0,1
kernel_run,5,0,0,1
kernel_run,6,0,0,1
kernel_run,7,0,0,1
kernel_run,8,0,0,1
iteration_run,47,102,0,1
iteration_io,47,1,0,1
kernel_run,0,50,0,1
kernel_run,1,4,0,1
kernel_run,2,11,0,1
kernel_run,3,29,0,1
kernel_run,4,0,0,1
kernel_run,5,0,0,1
kernel_run,6,0,0,1
kernel_run,7,0,0,1
kernel_run,8,0,0,1
iteration_run,48,116,0,1
iteration_io,48,1,0,1
kernel_run,0,59,0,1
kernel_run,1,0,0,1
kernel_run,2,13,0,1
kernel_run,3,37,0,1
kernel_run,4,0,0,1
kernel_run,5,0,0,1
kernel_run,6,0,0,1
kernel_run,7,0,0,1
kernel_run,8,0,0,1
iteration_run,49,128,0,1
iteration_io,49,1,0,1
kernel_run,0,48,0,1
kernel_run,1,0,0,1
kernel_run,2,9,0,1
kernel_run,3,26,0,1
kernel_run,4,0,0,1
kernel_run,5,0,0,1
kernel_run,6,0,0,1
kernel_run,7,0,0,1
kernel_run,8,0,0,1
iteration_run,50,107,0,1
iteration_io,50,1,0,1
kernel_run,0,46,0,1
kernel_run,1,0,0,1
kernel_run,2,16,0,1
kernel_run,3,27,0,1
kernel_run,4,0,0,1
kernel_run,5,0,0,1
kernel_run,6,0,0,1
kernel_run,7,0,0,1
kernel_run,8,0,0,1
iteration_run,51,111,0,1
iteration_io,51,1,0,1
kernel_run,0,50,0,1
kernel_run,1,0,0,1
kernel_run,2,12,0,1
kernel_run,3,35,0,1
kernel_run,4,0,0,1
kernel_run,5,0,0,1
kernel_run,6,0,0,1
kernel_run,7,0,0,1
kernel_run,8,0,0,1
iteration_run,52,119,0,1
iteration_io,52,1,0,1
kernel_run,0,93,0,1
kernel_run,1,0,0,1
kernel_run,2,16,0,1
kernel_run,3,28,0,1
kernel_run,4,0,0,1
kernel_run,5,0,0,1
kernel_run,6,0,0,1
kernel_run,7,0,0,1
kernel_run,8,0,0,1
iteration_run,53,170,0,1
iteration_io,53,1,0,1
kernel_run,0,43,0,1
kernel_run,1,0,0,1
kernel_run,2,9,0,1
kernel_run,3,27,0,1
kernel_run,4,0,0,1
kernel_run,5,0,0,1
kernel_run,6,0,0,1
kernel_run,7,0,0,1
kernel_run,8,0,0,1
iteration_run,54,102,0,1
iteration_io,54,1,0,1
kernel_run,0,49,0,1
kernel_run,1,0,0,1
kernel_run,2,9,0,1
kernel_run,3,42,0,1
kernel_run,4,1,0,1
kernel_run,5,0,0,1
kernel_run,6,1,0,1
kernel_run,7,0,0,1
kernel_run,8,2,0,1
iteration_run,55,128,0,1
iteration_io,55,1,0,1
kernel_run,0,59,0,1
kernel_run,1,3,0,1
kernel_run,2,13,0,1
kernel_run,3,34,0,1
kernel_run,4,0,0,1
kernel_run,5,0,0,1
kernel_run,6,0,0,1
kernel_run,7,0,0,1
kernel_run,8,0,0,1
iteration_run,56,131,0,1
iteration_io,56,1,0,1
kernel_run,0,50,0,1
kernel_run,1,0,0,1
kernel_run,2,10,0,1
kernel_run,3,27,0,1
kernel_run,4,0,0,1
kernel_run,5,0,0,1
kernel_run,6,0,0,1
kernel_run,7,0,0,1
kernel_run,8,0,0,1
iteration_run,57,128,0,1
iteration_io,57,5,0,1
kernel_run,0,45,0,1
kernel_run,1,0,0,1
kernel_run,2,18,0,1
kernel_run,3,28,0,1
kernel_run,4,0,0,1
kernel_run,5,0,0,1
kernel_run,6,0,0,1
kernel_run,7,0,0,1
kernel_run,8,0,0,1
iteration_run,58,115,0,1
iteration_io,58,1,0,1
kernel_run,0,46,0,1
kernel_run,1,1,0,1
kernel_run,2,12,0,1
kernel_run,3,27,0,1
kernel_run,4,0,0,1
kernel_run,5,0,0,1
kernel_run,6,0,0,1
kernel_run,7,0,0,1
kernel_run,8,0,0,1
iteration_run,59,125,0,1
iteration_io,59,2,0,1
kernel_run,0,53,0,1
kernel_run,1,0,0,1
kernel_run,2,12,0,1
kernel_run,3,35,0,1
kernel_run,4,0,0,1
kernel_run,5,0,0,1
kernel_run,6,0,0,1
kernel_run,7,0,0,1
kernel_run,8,0,0,1
iteration_run,60,127,0,1
iteration_io,60,3,0,1
kernel_run,0,48,0,1
kernel_run,1,0,0,1
kernel_run,2,9,0,1
kernel_run,3,27,0,1
kernel_run,4,0,0,1
kernel_run,5,0,0,1
kernel_run,6,0,0,1
kernel_run,7,0,0,1
kernel_run,8,0,0,1
iteration_run,61,121,0,1
iteration_io,61,1,0,1
kernel_run,0,45,0,1
kernel_run,1,0,0,1
kernel_run,2,14,0,1
kernel_run,3,27,0,1
kernel_run,4,0,0,1
kernel_run,5,0,0,1
kernel_run,6,0,0,1
kernel_run,7,0,0,1
kernel_run,8,0,0,1
iteration_run,62,148,0,1
iteration_io,62,3,0,1
kernel_run,0,52,0,1
kernel_run,1,1,0,1
kernel_run,2,10,0,1
kernel_run,3,27,0,1
kernel_run,4,0,0,1
kernel_run,5,0,0,1
kernel_run,6,0,0,1
kernel_run,7,0,0,1
kernel_run,8,0,0,1
iteration_run,63,119,0,1
iteration_io,63,1,0,1
kernel_run,0,49,0,1
kernel_run,1,0,0,1
kernel_run,2,12,0,1
kernel_run,3,37,0,1
kernel_run,4,0,0,1
kernel_run,5,0,0,1
kernel_run,6,0,0,1
kernel_run,7,0,0,1
kernel_run,8,0,0,1
iteration_run,64,128,0,1
iteration_io,64,2,0,1
kernel_run,0,46,0,1
kernel_run,1,0,0,1
kernel_run,2,9,0,1
kernel_run,3,27,0,1
kernel_run,4,0,0,1
kernel_run,5,0,0,1
kernel_run,6,0,0,1
kernel_run,7,0,0,1
kernel_run,8,0,0,1
iteration_run,65,108,0,1
iteration_io,65,1,0,1
kernel_run,0,47,0,1
kernel_run,1,0,0,1
kernel_run,2,9,0,1
kernel_run,3,29,0,1
kernel_run,4,0,0,1
kernel_run,5,0,0,1
kernel_run,6,0,0,1
kernel_run,7,0,0,1
kernel_run,8,0,0,1
iteration_run,66,110,0,1
iteration_io,66,2,0,1
kernel_run,0,135,0,1
kernel_run,1,0,0,1
kernel_run,2,11,0,1
kernel_run,3,28,0,1
kernel_run,4,0,0,1
kernel_run,5,0,0,1
kernel_run,6,0,0,1
kernel_run,7,0,0,1
kernel_run,8,0,0,1
iteration_run,67,211,0,1
iteration_io,67,1,0,1
kernel_run,0,49,0,1
kernel_run,1,0,0,1
kernel_run,2,12,0,1
kernel_run,3,34,0,1
kernel_run,4,0,0,1
kernel_run,5,0,0,1
kernel_run,6,0,0,1
kernel_run,7,0,0,1
kernel_run,8,0,0,1
iteration_run,68,124,0,1
iteration_io,68,2,0,1
kernel_run,0,78,0,1
kernel_run,1,2,0,1
kernel_run,2,16,0,1
kernel_run,3,36,0,1
kernel_run,4,0,0,1
kernel_run,5,0,0,1
kernel_run,6,0,0,1
kernel_run,7,0,0,1
kernel_run,8,0,0,1
iteration_run,69,159,0,1
iteration_io,69,2,0,1
kernel_run,0,46,0,1
kernel_run,1,0,0,1
kernel_run,2,9,0,1
kernel_run,3,29,0,1
kernel_run,4,0,0,1
kernel_run,5,0,0,1
kernel_run,6,0,0,1
kernel_run,7,0,0,1
kernel_run,8,0,0,1
iteration_run,70,113,0,1
iteration_io,70,1,0,1
kernel_run,0,44,0,1
kernel_run,1,0,0,1
kernel_run,2,9,0,1
kernel_run,3,29,0,1
kernel_run,4,0,0,1
kernel_run,5,0,0,1
kernel_run,6,0,0,1
kernel_run,7,0,0,1
kernel_run,8,0,0,1
iteration_run,71,107,0,1
iteration_io,71,1,0,1
kernel_run,0,49,0,1
kernel_run,1,0,0,1
kernel_run,2,13,0,1
kernel_run,3,36,0,1
kernel_run,4,0,0,1
kernel_run,5,0,0,1
kernel_run,6,0,0,1
kernel_run,7,0,0,1
kernel_run,8,0,0,1
iteration_run,72,127,0,1
iteration_io,72,2,0,1
kernel_run,0,47,0,1
kernel_run,1,0,0,1
kernel_run,2,12,0,1
kernel_run,3,27,0,1
kernel_run,4,0,0,1
kernel_run,5,0,0,1
kernel_run,6,0,0,1
kernel_run,7,0,0,1
kernel_run,8,0,0,1
iteration_run,73,117,0,1
iteration_io,73,1,0,1
kernel_run,0,45,0,1
kernel_run,1,0,0,1
kernel_run,2,9,0,1
kernel_run,3,27,0,1
kernel_run,4,0,0,1
kernel_run,5,0,0,1
kernel_run,6,0,0,1
kernel_run,7,0,0,1
kernel_run,8,0,0,1
iteration_run,74,102,0,1
iteration_io,74,2,0,1
kernel_run,0,48,0,1
kernel_run,1,0,0,1
kernel_run,2,12,0,1
kernel_run,3,35,0,1
kernel_run,4,0,0,1
kernel_run,5,0,0,1
kernel_run,6,0,0,1
kernel_run,7,0,0,1
kernel_run,8,0,0,1
iteration_run,75,114,0,1
iteration_io,75,1,0,1
kernel_run,0,45,0,1
kernel_run,1,0,0,1
kernel_run,2,9,0,1
kernel_run,3,40,0,1
kernel_run,4,0,0,1
kernel_run,5,0,0,1
kernel_run,6,0,0,1
kernel_run,7,0,0,1
kernel_run,8,0,0,1
iteration_run,76,123,0,1
iteration_io,76,1,0,1
kernel_run,0,48,0,1
kernel_run,1,0,0,1
kernel_run,2,9,0,1
kernel_run,3,32,0,1
kernel_run,4,0,0,1
kernel_run,5,0,0,1
kernel_run,6,0,0,1
kernel_run,7,0,0,1
kernel_run,8,0,0,1
iteration_run,77,111,0,1
iteration_io,77,1,0,1
kernel_run,0,43,0,1
kernel_run,1,0,0,1
kernel_run,2,9,0,1
kernel_run,3,29,0,1
kernel_run,4,0,0,1
kernel_run,5,0,0,1
kernel_run,6,0,0,1
kernel_run,7,0,0,1
kernel_run,8,0,0,1
iteration_run,78,101,0,1
iteration_io,78,1,0,1
kernel_run,0,47,0,1
kernel_run,1,0,0,1
kernel_run,2,11,0,1
kernel_run,3,35,0,1
kernel_run,4,0,0,1
kernel_run,5,0,0,1
kernel_run,6,0,0,1
kernel_run,7,0,0,1
kernel_run,8,0,0,1
iteration_run,79,118,0,1
iteration_io,79,1,0,1
kernel_run,0,45,0,1
kernel_run,1,0,0,1
kernel_run,2,9,0,1
kernel_run,3,27,0,1
kernel_run,4,0,0,1
kernel_run,5,0,0,1
kernel_run,6,0,0,1
kernel_run,7,0,0,1
kernel_run,8,0,0,1
iteration_run,80,106,0,1
iteration_io,80,1,0,1
kernel_run,0,47,0,1
kernel_run,1,0,0,1
kernel_run,2,9,0,1
kernel_run,3,35,0,1
kernel_run,4,0,0,1
kernel_run,5,0,0,1
kernel_run,6,0,0,1
kernel_run,7,0,0,1
kernel_run,8,0,0,1
iteration_run,81,113,0,1
iteration_io,81,2,0,1
kernel_run,0,96,0,1
kernel_run,1,1,0,1
kernel_run,2,16,0,1
kernel_run,3,28,0,1
kernel_run,4,0,0,1
kernel_run,5,0,0,1
kernel_run,6,0,0,1
kernel_run,7,0,0,1
kernel_run,8,0,0,1
iteration_run,82,165,0,1
iteration_io,82,1,0,1
kernel_run,0,51,0,1
kernel_run,1,0,0,1
kernel_run,2,11,0,1
kernel_run,3,34,0,1
kernel_run,4,0,0,1
kernel_run,5,0,0,1
kernel_run,6,0,0,1
kernel_run,7,0,0,1
kernel_run,8,0,0,1
iteration_run,83,119,0,1
iteration_io,83,1,0,1
kernel_run,0,46,0,1
kernel_run,1,0,0,1
kernel_run,2,10,0,1
kernel_run,3,28,0,1
kernel_run,4,0,0,1
kernel_run,5,0,0,1
kernel_run,6,0,0,1
kernel_run,7,0,0,1
kernel_run,8,0,0,1
iteration_run,84,116,0,1
iteration_io,84,2,0,1
kernel_run,0,44,0,1
kernel_run,1,0,0,1
kernel_run,2,9,0,1
kernel_run,3,27,0,1
kernel_run,4,0,0,1
kernel_run,5,0,0,1
kernel_run,6,0,0,1
kernel_run,7,0,0,1
kernel_run,8,0,0,1
iteration_run,85,114,0,1
iteration_io,85,1,0,1
kernel_run,0,43,0,1
kernel_run,1,0,0,1
kernel_run,2,9,0,1
kernel_run,3,27,0,1
kernel_run,4,0,0,1
kernel_run,5,0,0,1
kernel_run,6,0,0,1
kernel_run,7,0,0,1
kernel_run,8,0,0,1
iteration_run,86,110,0,1
iteration_io,86,1,0,1
kernel_run,0,49,0,1
kernel_run,1,0,0,1
kernel_run,2,11,0,1
kernel_run,3,34,0,1
kernel_run,4,0,0,1
kernel_run,5,0,0,1
kernel_run,6,0,0,1
kernel_run,7,0,0,1
kernel_run,8,0,0,1
iteration_run,87,115,0,1
iteration_io,87,1,0,1
kernel_run,0,43,0,1
kernel_run,1,0,0,1
kernel_run,2,9,0,1
kernel_run,3,29,0,1
kernel_run,4,0,0,1
kernel_run,5,0,0,1
kernel_run,6,0,0,1
kernel_run,7,0,0,1
kernel_run,8,0,0,1
iteration_run,88,122,0,1
iteration_io,88,1,0,1
kernel_run,0,49,0,1
kernel_run,1,0,0,1
kernel_run,2,9,0,1
kernel_run,3,27,0,1
kernel_run,4,0,0,1
kernel_run,5,0,0,1
kernel_run,6,0,0,1
kernel_run,7,0,0,1
kernel_run,8,0,0,1
iteration_run,89,123,0,1
iteration_io,89,5,0,1
kernel_run,0,48,0,1
kernel_run,1,0,0,1
kernel_run,2,9,0,1
kernel_run,3,27,0,1
kernel_run,4,0,0,1
kernel_run,5,0,0,1
kernel_run,6,0,0,1
kernel_run,7,0,0,1
kernel_run,8,0,0,1
iteration_run,90,108,0,1
iteration_io,90,1,0,1
kernel_run,0,48,0,1
kernel_run,1,0,0,1
kernel_run,2,11,0,1
kernel_run,3,34,0,1
kernel_run,4,0,0,1
kernel_run,5,0,0,1
kernel_run,6,0,0,1
kernel_run,7,0,0,1
kernel_run,8,0,0,1
iteration_run,91,119,0,1
iteration_io,91,1,0,1
kernel_run,0,44,0,1
kernel_run,1,0,0,1
kernel_run,2,9,0,1
kernel_run,3,27,0,1
kernel_run,4,0,0,1
kernel_run,5,0,0,1
kernel_run,6,0,0,1
kernel_run,7,0,0,1
kernel_run,8,0,0,1
iteration_run,92,105,0,1
iteration_io,92,1,0,1
kernel_run,0,46,0,1
kernel_run,1,0,0,1
kernel_run,2,14,0,1
kernel_run,3,27,0,1
kernel_run,4,0,0,1
kernel_run,5,0,0,1
kernel_run,6,1,0,1
kernel_run,7,0,0,1
kernel_run,8,0,0,1
iteration_run,93,140,0,1
iteration_io,93,1,0,1
kernel_run,0,47,0,1
kernel_run,1,0,0,1
kernel_run,2,9,0,1
kernel_run,3,27,0,1
kernel_run,4,3,0,1
kernel_run,5,0,0,1
kernel_run,6,0,0,1
kernel_run,7,0,0,1
kernel_run,8,0,0,1
iteration_run,94,108,0,1
iteration_io,94,2,0,1
kernel_run,0,47,0,1
kernel_run,1,0,0,1
kernel_run,2,11,0,1
kernel_run,3,34,0,1
kernel_run,4,0,0,1
kernel_run,5,0,0,1
kernel_run,6,0,0,1
kernel_run,7,0,0,1
kernel_run,8,0,0,1
iteration_run,95,113,0,1
iteration_io,95,5,0,1
kernel_run,0,44,0,1
kernel_run,1,0,0,1
kernel_run,2,9,0,1
kernel_run,3,28,0,1
kernel_run,4,0,0,1
kernel_run,5,0,0,1
kernel_run,6,0,0,1
kernel_run,7,0,0,1
kernel_run,8,0,0,1
iteration_run,96,133,0,1
iteration_io,96,2,0,1
kernel_run,0,43,0,1
kernel_run,1,0,0,1
kernel_run,2,9,0,1
kernel_run,3,27,0,1
kernel_run,4,0,0,1
kernel_run,5,0,0,1
kernel_run,6,0,0,1
kernel_run,7,0,0,1
kernel_run,8,0,0,1
iteration_run,97,102,0,1
iteration_io,97,1,0,1
kernel_run,0,44,0,1
kernel_run,1,0,0,1
kernel_run,2,9,0,1
kernel_run,3,28,0,1
kernel_run,4,0,0,1
kernel_run,5,0,0,1
kernel_run,6,0,0,1
kernel_run,7,0,0,1
kernel_run,8,0,0,1
iteration_run,98,102,0,1
iteration_io,98,1,0,1
kernel_run,0,50,0,1
kernel_run,1,0,0,1
kernel_run,2,12,0,1
kernel_run,3,40,0,1
kernel_run,4,1,0,1
kernel_run,5,0,0,1
kernel_run,6,0,0,1
kernel_run,7,0,0,1
kernel_run,8,0,0,1
iteration_run,99,134,0,1
iteration_io,99,1,0,1
