data_io_setup,-1,98,0,1
init_kernel_run,0,3,0,1
init_kernels,-1,8,0,1
init_io,-1,62,0,1
kernel_run,0,41,0,1
kernel_run,1,0,0,1
kernel_run,2,9,0,1
kernel_run,3,44,0,1
kernel_run,4,0,0,1
kernel_run,5,0,0,1
kernel_run,6,0,0,1
kernel_run,7,0,0,1
kernel_run,8,0,0,1
iteration_run,0,114,0,1
iteration_io,0,1,0,1
kernel_run,0,50,0,1
kernel_run,1,0,0,1
kernel_run,2,9,0,1
kernel_run,3,26,0,1
kernel_run,4,0,0,1
kernel_run,5,0,0,1
kernel_run,6,0,0,1
kernel_run,7,0,0,1
kernel_run,8,0,0,1
iteration_run,1,104,0,1
iteration_io,1,1,0,1
kernel_run,0,50,0,1
kernel_run,1,0,0,1
kernel_run,2,9,0,1
kernel_run,3,26,0,1
kernel_run,4,0,0,1
kernel_run,5,0,0,1
kernel_run,6,0,0,1
kernel_run,7,0,0,1
kernel_run,8,0,0,1
iteration_run,2,103,0,1
iteration_io,2,1,0,1
kernel_run,0,51,0,1
kernel_run,1,0,0,1
kernel_run,2,18,0,1
kernel_run,3,27,0,1
kernel_run,4,0,0,1
kernel_run,5,0,0,1
kernel_run,6,2,0,1
kernel_run,7,0,0,1
kernel_run,8,0,0,1
iteration_run,3,117,0,1
iteration_io,3,3,0,1
kernel_run,0,69,0,1
kernel_run,1,0,0,1
kernel_run,2,9,0,1
kernel_run,3,27,0,1
kernel_run,4,0,0,1
kernel_run,5,0,0,1
kernel_run,6,17,0,1
kernel_run,7,0,0,1
kernel_run,8,1,0,1
iteration_run,4,140,0,1
iteration_io,4,1,0,1
kernel_run,0,55,0,1
kernel_run,1,0,0,1
kernel_run,2,11,0,1
kernel_run,3,27,0,1
kernel_run,4,22,0,1
kernel_run,5,0,0,1
kernel_run,6,0,0,1
kernel_run,7,0,0,1
kernel_run,8,0,0,1
iteration_run,5,140,0,1
iteration_io,5,1,0,1
kernel_run,0,95,0,1
kernel_run,1,0,0,1
kernel_run,2,21,0,1
kernel_run,3,37,0,1
kernel_run,4,0,0,1
kernel_run,5,0,0,1
kernel_run,6,0,0,1
kernel_run,7,0,0,1
kernel_run,8,0,0,1
iteration_run,6,174,0,1
iteration_io,6,1,0,1
kernel_run,0,49,0,1
kernel_run,1,0,0,1
kernel_run,2,10,0,1
kernel_run,3,26,0,1
kernel_run,4,0,0,1
kernel_run,5,0,0,1
kernel_run,6,0,0,1
kernel_run,7,0,0,1
kernel_run,8,0,0,1
iteration_run,7,106,0,1
iteration_io,7,1,0,1
kernel_run,0,49,0,1
kernel_run,1,0,0,1
kernel_run,2,9,0,1
kernel_run,3,27,0,1
kernel_run,4,0,0,1
kernel_run,5,0,0,1
kernel_run,6,0,0,1
kernel_run,7,0,0,1
kernel_run,8,0,0,1
iteration_run,8,105,0,1
iteration_io,8,1,0,1
kernel_run,0,47,0,1
kernel_run,1,0,0,1
kernel_run,2,9,0,1
kernel_run,3,26,0,1
kernel_run,4,0,0,1
kernel_run,5,0,0,1
kernel_run,6,0,0,1
kernel_run,7,0,0,1
kernel_run,8,0,0,1
iteration_run,9,100,0,1
iteration_io,9,1,0,1
kernel_run,0,52,0,1
kernel_run,1,0,0,1
kernel_run,2,12,0,1
kernel_run,3,35,0,1
kernel_run,4,0,0,1
kernel_run,5,0,0,1
kernel_run,6,0,0,1
kernel_run,7,0,0,1
kernel_run,8,0,0,1
iteration_run,10,127,0,1
iteration_io,10,1,0,1
kernel_run,0,49,0,1
kernel_run,1,0,0,1
kernel_run,2,9,0,1
kernel_run,3,26,0,1
kernel_run,4,0,0,1
kernel_run,5,0,0,1
kernel_run,6,3,0,1
kernel_run,7,0,0,1
kernel_run,8,1,0,1
iteration_run,11,105,0,1
iteration_io,11,1,0,1
kernel_run,0,96,0,1
kernel_run,1,0,0,1
kernel_run,2,21,0,1
kernel_run,3,28,0,1
kernel_run,4,0,0,1
kernel_run,5,0,0,1
kernel_run,6,0,0,1
kernel_run,7,0,0,1
kernel_run,8,0,0,1
iteration_run,12,166,0,1
iteration_io,12,1,0,1
kernel_run,0,46,0,1
kernel_run,1,0,0,1
kernel_run,2,9,0,1
kernel_run,3,26,0,1
kernel_run,4,0,0,1
kernel_run,5,0,0,1
kernel_run,6,0,0,1
kernel_run,7,0,0,1
kernel_run,8,0,0,1
iteration_run,13,105,0,1
iteration_io,13,1,0,1
kernel_run,0,50,0,1
kernel_run,1,0,0,1
kernel_run,2,12,0,1
kernel_run,3,35,0,1
kernel_run,4,0,0,1
kernel_run,5,0,0,1
kernel_run,6,2,0,1
kernel_run,7,0,0,1
kernel_run,8,0,0,1
iteration_run,14,121,0,1
iteration_io,14,1,0,1
kernel_run,0,43,0,1
kernel_run,1,0,0,1
kernel_run,2,9,0,1
kernel_run,3,26,0,1
kernel_run,4,0,0,1
kernel_run,5,0,0,1
kernel_run,6,0,0,1
kernel_run,7,0,0,1
kernel_run,8,0,0,1
iteration_run,15,97,0,1
iteration_io,15,1,0,1
kernel_run,0,48,0,1
kernel_run,1,0,0,1
kernel_run,2,9,0,1
kernel_run,3,26,0,1
kernel_run,4,0,0,1
kernel_run,5,0,0,1
kernel_run,6,0,0,1
kernel_run,7,0,0,1
kernel_run,8,0,0,1
iteration_run,16,100,0,1
iteration_io,16,1,0,1
kernel_run,0,49,0,1
kernel_run,1,0,0,1
kernel_run,2,9,0,1
kernel_run,3,29,0,1
kernel_run,4,0,0,1
kernel_run,5,0,0,1
kernel_run,6,0,0,1
kernel_run,7,0,0,1
kernel_run,8,0,0,1
iteration_run,17,105,0,1
iteration_io,17,2,0,1
kernel_run,0,51,0,1
kernel_run,1,0,0,1
kernel_run,2,18,0,1
kernel_run,3,35,0,1
kernel_run,4,5,0,1
kernel_run,5,0,0,1
kernel_run,6,0,0,1
kernel_run,7,0,0,1
kernel_run,8,0,0,1
iteration_run,18,136,0,1
iteration_io,18,1,0,1
kernel_run,0,45,0,1
kernel_run,1,0,0,1
kernel_run,2,9,0,1
kernel_run,3,27,0,1
kernel_run,4,0,0,1
kernel_run,5,0,0,1
kernel_run,6,0,0,1
kernel_run,7,0,0,1
kernel_run,8,0,0,1
iteration_run,19,99,0,1
iteration_io,19,1,0,1
kernel_run,0,47,0,1
kernel_run,1,0,0,1
kernel_run,2,9,0,1
kernel_run,3,26,0,1
kernel_run,4,0,0,1
kernel_run,5,0,0,1
kernel_run,6,0,0,1
kernel_run,7,0,0,1
kernel_run,8,0,0,1
iteration_run,20,105,0,1
iteration_io,20,1,0,1
kernel_run,0,54,0,1
kernel_run,1,0,0,1
kernel_run,2,9,0,1
kernel_run,3,26,0,1
kernel_run,4,0,0,1
kernel_run,5,0,0,1
kernel_run,6,0,0,1
kernel_run,7,0,0,1
kernel_run,8,0,0,1
iteration_run,21,107,0,1
iteration_io,21,1,0,1
kernel_run,0,50,0,1
kernel_run,1,0,0,1
kernel_run,2,12,0,1
kernel_run,3,34,0,1
kernel_run,4,0,0,1
kernel_run,5,0,0,1
kernel_run,6,0,0,1
kernel_run,7,0,0,1
kernel_run,8,0,0,1
iteration_run,22,113,0,1
iteration_io,22,1,0,1
kernel_run,0,45,0,1
kernel_run,1,0,0,1
kernel_run,2,9,0,1
kernel_run,3,26,0,1
kernel_run,4,0,0,1
kernel_run,5,0,0,1
kernel_run,6,0,0,1
kernel_run,7,0,0,1
kernel_run,8,0,0,1
iteration_run,23,99,0,1
iteration_io,23,1,0,1
kernel_run,0,48,0,1
kernel_run,1,0,0,1
kernel_run,2,10,0,1
kernel_run,3,26,0,1
kernel_run,4,0,0,1
kernel_run,5,0,0,1
kernel_run,6,0,0,1
kernel_run,7,0,0,1
kernel_run,8,0,0,1
iteration_run,24,101,0,1
iteration_io,24,1,0,1
kernel_run,0,52,0,1
kernel_run,1,0,0,1
kernel_run,2,12,0,1
kernel_run,3,37,0,1
kernel_run,4,0,0,1
kernel_run,5,0,0,1
kernel_run,6,0,0,1
kernel_run,7,0,0,1
kernel_run,8,0,0,1
iteration_run,25,120,0,1
iteration_io,25,1,0,1
kernel_run,0,49,0,1
kernel_run,1,0,0,1
kernel_run,2,9,0,1
kernel_run,3,26,0,1
kernel_run,4,0,0,1
kernel_run,5,0,0,1
kernel_run,6,0,0,1
kernel_run,7,0,0,1
kernel_run,8,0,0,1
iteration_run,26,103,0,1
iteration_io,26,1,0,1
kernel_run,0,46,0,1
kernel_run,1,0,0,1
kernel_run,2,9,0,1
kernel_run,3,26,0,1
kernel_run,4,0,0,1
kernel_run,5,0,0,1
kernel_run,6,0,0,1
kernel_run,7,0,0,1
kernel_run,8,0,0,1
iteration_run,27,100,0,1
iteration_io,27,1,0,1
kernel_run,0,50,0,1
kernel_run,1,0,0,1
kernel_run,2,9,0,1
kernel_run,3,28,0,1
kernel_run,4,0,0,1
kernel_run,5,0,0,1
kernel_run,6,0,0,1
kernel_run,7,0,0,1
kernel_run,8,0,0,1
iteration_run,28,106,0,1
iteration_io,28,1,0,1
kernel_run,0,49,0,1
kernel_run,1,0,0,1
kernel_run,2,12,0,1
kernel_run,3,34,0,1
kernel_run,4,0,0,1
kernel_run,5,0,0,1
kernel_run,6,0,0,1
kernel_run,7,0,0,1
kernel_run,8,0,0,1
iteration_run,29,114,0,1
iteration_io,29,1,0,1
kernel_run,0,45,0,1
kernel_run,1,0,0,1
kernel_run,2,9,0,1
kernel_run,3,26,0,1
kernel_run,4,0,0,1
kernel_run,5,0,0,1
kernel_run,6,0,0,1
kernel_run,7,0,0,1
kernel_run,8,0,0,1
iteration_run,30,97,0,1
iteration_io,30,1,0,1
kernel_run,0,45,0,1
kernel_run,1,2,0,1
kernel_run,2,9,0,1
kernel_run,3,26,0,1
kernel_run,4,0,0,1
kernel_run,5,0,0,1
kernel_run,6,0,0,1
kernel_run,7,1,0,1
kernel_run,8,0,0,1
iteration_run,31,102,0,1
iteration_io,31,1,0,1
kernel_run,0,50,0,1
kernel_run,1,0,0,1
kernel_run,2,9,0,1
kernel_run,3,26,0,1
kernel_run,4,0,0,1
kernel_run,5,0,0,1
kernel_run,6,0,0,1
kernel_run,7,0,0,1
kernel_run,8,0,0,1
iteration_run,32,104,0,1
iteration_io,32,1,0,1
kernel_run,0,54,0,1
kernel_run,1,0,0,1
kernel_run,2,12,0,1
kernel_run,3,37,0,1
kernel_run,4,0,0,1
kernel_run,5,0,0,1
kernel_run,6,0,0,1
kernel_run,7,0,0,1
kernel_run,8,0,0,1
iteration_run,33,137,0,1
iteration_io,33,1,0,1
kernel_run,0,49,0,1
kernel_run,1,0,0,1
kernel_run,2,9,0,1
kernel_run,3,26,0,1
kernel_run,4,0,0,1
kernel_run,5,0,0,1
kernel_run,6,0,0,1
kernel_run,7,0,0,1
kernel_run,8,0,0,1
iteration_run,34,101,0,1
iteration_io,34,1,0,1
kernel_run,0,50,0,1
kernel_run,1,0,0,1
kernel_run,2,9,0,1
kernel_run,3,26,0,1
kernel_run,4,0,0,1
kernel_run,5,0,0,1
kernel_run,6,0,0,1
kernel_run,7,0,0,1
kernel_run,8,0,0,1
iteration_run,35,103,0,1
iteration_io,35,1,0,1
kernel_run,0,45,0,1
kernel_run,1,0,0,1
kernel_run,2,9,0,1
kernel_run,3,28,0,1
kernel_run,4,0,0,1
kernel_run,5,0,0,1
kernel_run,6,0,0,1
kernel_run,7,0,0,1
kernel_run,8,0,0,1
iteration_run,36,101,0,1
iteration_io,36,1,0,1
kernel_run,0,52,0,1
kernel_run,1,0,0,1
kernel_run,2,12,0,1
kernel_run,3,35,0,1
kernel_run,4,0,0,1
kernel_run,5,0,0,1
kernel_run,6,0,0,1
kernel_run,7,0,0,1
kernel_run,8,0,0,1
iteration_run,37,117,0,1
iteration_io,37,1,0,1
kernel_run,0,48,0,1
kernel_run,1,0,0,1
kernel_run,2,9,0,1
kernel_run,3,26,0,1
kernel_run,4,0,0,1
kernel_run,5,0,0,1
kernel_run,6,0,0,1
kernel_run,7,0,0,1
kernel_run,8,0,0,1
iteration_run,38,102,0,1
iteration_io,38,1,0,1
kernel_run,0,49,0,1
kernel_run,1,0,0,1
kernel_run,2,12,0,1
kernel_run,3,26,0,1
kernel_run,4,0,0,1
kernel_run,5,0,0,1
kernel_run,6,0,0,1
kernel_run,7,0,0,1
kernel_run,8,0,0,1
iteration_run,39,108,0,1
iteration_io,39,1,0,1
kernel_run,0,47,0,1
kernel_run,1,0,0,1
kernel_run,2,9,0,1
kernel_run,3,26,0,1
kernel_run,4,0,0,1
kernel_run,5,0,0,1
kernel_run,6,0,0,1
kernel_run,7,0,0,1
kernel_run,8,0,0,1
iteration_run,40,99,0,1
iteration_io,40,1,0,1
kernel_run,0,53,0,1
kernel_run,1,0,0,1
kernel_run,2,12,0,1
kernel_run,3,35,0,1
kernel_run,4,0,0,1
kernel_run,5,0,0,1
kernel_run,6,0,0,1
kernel_run,7,0,0,1
kernel_run,8,0,0,1
iteration_run,41,123,0,1
iteration_io,41,1,0,1
kernel_run,0,51,0,1
kernel_run,1,0,0,1
kernel_run,2,10,0,1
kernel_run,3,26,0,1
kernel_run,4,0,0,1
kernel_run,5,0,0,1
kernel_run,6,0,0,1
kernel_run,7,0,0,1
kernel_run,8,0,0,1
iteration_run,42,104,0,1
iteration_io,42,1,0,1
kernel_run,0,49,0,1
kernel_run,1,0,0,1
kernel_run,2,9,0,1
kernel_run,3,28,0,1
kernel_run,4,0,0,1
kernel_run,5,0,0,1
kernel_run,6,0,0,1
kernel_run,7,0,0,1
kernel_run,8,0,0,1
iteration_run,43,104,0,1
iteration_io,43,1,0,1
kernel_run,0,49,0,1
kernel_run,1,0,0,1
kernel_run,2,10,0,1
kernel_run,3,26,0,1
kernel_run,4,0,0,1
kernel_run,5,0,0,1
kernel_run,6,0,0,1
kernel_run,7,0,0,1
kernel_run,8,3,0,1
iteration_run,44,106,0,1
iteration_io,44,1,0,1
kernel_run,0,50,0,1
kernel_run,1,0,0,1
kernel_run,2,13,0,1
kernel_run,3,35,0,1
kernel_run,4,0,0,1
kernel_run,5,0,0,1
kernel_run,6,0,0,1
kernel_run,7,0,0,1
kernel_run,8,0,0,1
iteration_run,45,116,0,1
iteration_io,45,1,0,1
kernel_run,0,48,0,1
kernel_run,1,0,0,1
kernel_run,2,9,0,1
kernel_run,3,27,0,1
kernel_run,4,0,0,1
kernel_run,5,0,0,1
kernel_run,6,0,0,1
kernel_run,7,0,0,1
kernel_run,8,0,0,1
iteration_run,46,102,0,1
iteration_io,46,1,0,1
kernel_run,0,47,0,1
kernel_run,1,0,0,1
kernel_run,2,10,0,1
kernel_run,3,29,0,1
kernel_run,4,0,0,1
kernel_run,5,0,0,1
kernel_run,6,0,0,1
kernel_run,7,0,0,1
kernel_run,8,0,0,1
iteration_run,47,105,0,1
iteration_io,47,2,0,1
kernel_run,0,48,0,1
kernel_run,1,0,0,1
kernel_run,2,9,0,1
kernel_run,3,26,0,1
kernel_run,4,0,0,1
kernel_run,5,0,0,1
kernel_run,6,0,0,1
kernel_run,7,0,0,1
kernel_run,8,0,0,1
iteration_run,48,102,0,1
iteration_io,48,1,0,1
kernel_run,0,47,0,1
kernel_run,1,0,0,1
kernel_run,2,12,0,1
kernel_run,3,35,0,1
kernel_run,4,0,0,1
kernel_run,5,0,0,1
kernel_run,6,0,0,1
kernel_run,7,0,0,1
kernel_run,8,0,0,1
iteration_run,49,114,0,1
iteration_io,49,1,0,1
kernel_run,0,50,0,1
kernel_run,1,0,0,1
kernel_run,2,11,0,1
kernel_run,3,30,0,1
kernel_run,4,0,0,1
kernel_run,5,0,0,1
kernel_run,6,0,0,1
kernel_run,7,0,0,1
kernel_run,8,0,0,1
iteration_run,50,110,0,1
iteration_io,50,1,0,1
kernel_run,0,47,0,1
kernel_run,1,0,0,1
kernel_run,2,9,0,1
kernel_run,3,27,0,1
kernel_run,4,0,0,1
kernel_run,5,0,0,1
kernel_run,6,0,0,1
kernel_run,7,0,0,1
kernel_run,8,0,0,1
iteration_run,51,102,0,1
iteration_io,51,1,0,1
kernel_run,0,51,0,1
kernel_run,1,0,0,1
kernel_run,2,16,0,1
kernel_run,3,34,0,1
kernel_run,4,0,0,1
kernel_run,5,0,0,1
kernel_run,6,0,0,1
kernel_run,7,0,0,1
kernel_run,8,0,0,1
iteration_run,52,121,0,1
iteration_io,52,1,0,1
kernel_run,0,49,0,1
kernel_run,1,0,0,1
kernel_run,2,9,0,1
kernel_run,3,27,0,1
kernel_run,4,0,0,1
kernel_run,5,0,0,1
kernel_run,6,0,0,1
kernel_run,7,0,0,1
kernel_run,8,0,0,1
iteration_run,53,103,0,1
iteration_io,53,1,0,1
kernel_run,0,42,0,1
kernel_run,1,0,0,1
kernel_run,2,9,0,1
kernel_run,3,33,0,1
kernel_run,4,0,0,1
kernel_run,5,0,0,1
kernel_run,6,0,0,1
kernel_run,7,0,0,1
kernel_run,8,0,0,1
iteration_run,54,103,0,1
iteration_io,54,1,0,1
kernel_run,0,49,0,1
kernel_run,1,0,0,1
kernel_run,2,10,0,1
kernel_run,3,29,0,1
kernel_run,4,0,0,1
kernel_run,5,0,0,1
kernel_run,6,0,0,1
kernel_run,7,0,0,1
kernel_run,8,0,0,1
iteration_run,55,106,0,1
iteration_io,55,1,0,1
kernel_run,0,60,0,1
kernel_run,1,0,0,1
kernel_run,2,11,0,1
kernel_run,3,34,0,1
kernel_run,4,0,0,1
kernel_run,5,0,0,1
kernel_run,6,0,0,1
kernel_run,7,0,0,1
kernel_run,8,0,0,1
iteration_run,56,124,0,1
iteration_io,56,2,0,1
kernel_run,0,51,0,1
kernel_run,1,0,0,1
kernel_run,2,9,0,1
kernel_run,3,27,0,1
kernel_run,4,0,0,1
kernel_run,5,0,0,1
kernel_run,6,0,0,1
kernel_run,7,0,0,1
kernel_run,8,0,0,1
iteration_run,57,106,0,1
iteration_io,57,1,0,1
kernel_run,0,43,0,1
kernel_run,1,0,0,1
kernel_run,2,12,0,1
kernel_run,3,27,0,1
kernel_run,4,0,0,1
kernel_run,5,0,0,1
kernel_run,6,0,0,1
kernel_run,7,0,0,1
kernel_run,8,0,0,1
iteration_run,58,103,0,1
iteration_io,58,1,0,1
kernel_run,0,44,0,1
kernel_run,1,0,0,1
kernel_run,2,9,0,1
kernel_run,3,26,0,1
kernel_run,4,0,0,1
kernel_run,5,0,0,1
kernel_run,6,0,0,1
kernel_run,7,0,0,1
kernel_run,8,0,0,1
iteration_run,59,100,0,1
iteration_io,59,1,0,1
kernel_run,0,51,0,1
kernel_run,1,0,0,1
kernel_run,2,14,0,1
kernel_run,3,36,0,1
kernel_run,4,0,0,1
kernel_run,5,0,0,1
kernel_run,6,0,0,1
kernel_run,7,9,0,1
kernel_run,8,0,0,1
iteration_run,60,131,0,1
iteration_io,60,1,0,1
kernel_run,0,52,0,1
kernel_run,1,0,0,1
kernel_run,2,9,0,1
kernel_run,3,28,0,1
kernel_run,4,0,0,1
kernel_run,5,0,0,1
kernel_run,6,0,0,1
kernel_run,7,0,0,1
kernel_run,8,0,0,1
iteration_run,61,106,0,1
iteration_io,61,1,0,1
kernel_run,0,44,0,1
kernel_run,1,0,0,1
kernel_run,2,14,0,1
kernel_run,3,26,0,1
kernel_run,4,0,0,1
kernel_run,5,0,0,1
kernel_run,6,0,0,1
kernel_run,7,0,0,1
kernel_run,8,0,0,1
iteration_run,62,102,0,1
iteration_io,62,1,0,1
kernel_run,0,51,0,1
kernel_run,1,0,0,1
kernel_run,2,16,0,1
kernel_run,3,29,0,1
kernel_run,4,0,0,1
kernel_run,5,0,0,1
kernel_run,6,0,0,1
kernel_run,7,0,0,1
kernel_run,8,0,0,1
iteration_run,63,117,0,1
iteration_io,63,2,0,1
kernel_run,0,51,0,1
kernel_run,1,0,0,1
kernel_run,2,11,0,1
kernel_run,3,34,0,1
kernel_run,4,0,0,1
kernel_run,5,0,0,1
kernel_run,6,0,0,1
kernel_run,7,0,0,1
kernel_run,8,0,0,1
iteration_run,64,115,0,1
iteration_io,64,1,0,1
kernel_run,0,43,0,1
kernel_run,1,0,0,1
kernel_run,2,12,0,1
kernel_run,3,29,0,1
kernel_run,4,0,0,1
kernel_run,5,0,0,1
kernel_run,6,0,0,1
kernel_run,7,0,0,1
kernel_run,8,0,0,1
iteration_run,65,102,0,1
iteration_io,65,1,0,1
kernel_run,0,51,0,1
kernel_run,1,0,0,1
kernel_run,2,12,0,1
kernel_run,3,27,0,1
kernel_run,4,0,0,1
kernel_run,5,0,0,1
kernel_run,6,0,0,1
kernel_run,7,0,0,1
kernel_run,8,0,0,1
iteration_run,66,111,0,1
iteration_io,66,1,0,1
kernel_run,0,48,0,1
kernel_run,1,2,0,1
kernel_run,2,9,0,1
kernel_run,3,28,0,1
kernel_run,4,0,0,1
kernel_run,5,0,0,1
kernel_run,6,0,0,1
kernel_run,7,0,0,1
kernel_run,8,0,0,1
iteration_run,67,107,0,1
iteration_io,67,1,0,1
kernel_run,0,51,0,1
kernel_run,1,0,0,1
kernel_run,2,11,0,1
kernel_run,3,35,0,1
kernel_run,4,0,0,1
kernel_run,5,0,0,1
kernel_run,6,0,0,1
kernel_run,7,0,0,1
kernel_run,8,0,0,1
iteration_run,68,116,0,1
iteration_io,68,1,0,1
kernel_run,0,48,0,1
kernel_run,1,1,0,1
kernel_run,2,10,0,1
kernel_run,3,26,0,1
kernel_run,4,0,0,1
kernel_run,5,0,0,1
kernel_run,6,0,0,1
kernel_run,7,0,0,1
kernel_run,8,0,0,1
iteration_run,69,112,0,1
iteration_io,69,1,0,1
kernel_run,0,44,0,1
kernel_run,1,0,0,1
kernel_run,2,13,0,1
kernel_run,3,28,0,1
kernel_run,4,0,0,1
kernel_run,5,0,0,1
kernel_run,6,0,0,1
kernel_run,7,0,0,1
kernel_run,8,0,0,1
iteration_run,70,103,0,1
iteration_io,70,2,0,1
kernel_run,0,43,0,1
kernel_run,1,0,0,1
kernel_run,2,14,0,1
kernel_run,3,29,0,1
kernel_run,4,0,0,1
kernel_run,5,0,0,1
kernel_run,6,0,0,1
kernel_run,7,0,0,1
kernel_run,8,0,0,1
iteration_run,71,106,0,1
iteration_io,71,2,0,1
kernel_run,0,56,0,1
kernel_run,1,0,0,1
kernel_run,2,15,0,1
kernel_run,3,34,0,1
kernel_run,4,0,0,1
kernel_run,5,0,0,1
kernel_run,6,0,0,1
kernel_run,7,9,0,1
kernel_run,8,0,0,1
iteration_run,72,132,0,1
iteration_io,72,2,0,1
kernel_run,0,80,0,1
kernel_run,1,0,0,1
kernel_run,2,10,0,1
kernel_run,3,46,0,1
kernel_run,4,0,0,1
kernel_run,5,0,0,1
kernel_run,6,0,0,1
kernel_run,7,0,0,1
kernel_run,8,0,0,1
iteration_run,73,174,0,1
iteration_io,73,1,0,1
kernel_run,0,49,0,1
kernel_run,1,0,0,1
kernel_run,2,9,0,1
kernel_run,3,26,0,1
kernel_run,4,0,0,1
kernel_run,5,0,0,1
kernel_run,6,0,0,1
kernel_run,7,0,0,1
kernel_run,8,0,0,1
iteration_run,74,103,0,1
iteration_io,74,1,0,1
kernel_run,0,55,0,1
kernel_run,1,0,0,1
kernel_run,2,12,0,1
kernel_run,3,34,0,1
kernel_run,4,0,0,1
kernel_run,5,0,0,1
kernel_run,6,0,0,1
kernel_run,7,0,0,1
kernel_run,8,0,0,1
iteration_run,75,119,0,1
iteration_io,75,1,0,1
kernel_run,0,55,0,1
kernel_run,1,0,0,1
kernel_run,2,13,0,1
kernel_run,3,28,0,1
kernel_run,4,0,0,1
kernel_run,5,0,0,1
kernel_run,6,0,0,1
kernel_run,7,0,0,1
kernel_run,8,0,0,1
iteration_run,76,120,0,1
iteration_io,76,1,0,1
kernel_run,0,53,0,1
kernel_run,1,0,0,1
kernel_run,2,16,0,1
kernel_run,3,29,0,1
kernel_run,4,0,0,1
kernel_run,5,0,0,1
kernel_run,6,0,0,1
kernel_run,7,0,0,1
kernel_run,8,0,0,1
iteration_run,77,116,0,1
iteration_io,77,1,0,1
kernel_run,0,43,0,1
kernel_run,1,0,0,1
kernel_run,2,9,0,1
kernel_run,3,27,0,1
kernel_run,4,0,0,1
kernel_run,5,0,0,1
kernel_run,6,0,0,1
kernel_run,7,0,0,1
kernel_run,8,0,0,1
iteration_run,78,100,0,1
iteration_io,78,2,0,1
kernel_run,0,48,0,1
kernel_run,1,0,0,1
kernel_run,2,13,0,1
kernel_run,3,34,0,1
kernel_run,4,0,0,1
kernel_run,5,0,0,1
kernel_run,6,0,0,1
kernel_run,7,0,0,1
kernel_run,8,0,0,1
iteration_run,79,113,0,1
iteration_io,79,1,0,1
kernel_run,0,43,0,1
kernel_run,1,0,0,1
kernel_run,2,10,0,1
kernel_run,3,30,0,1
kernel_run,4,0,0,1
kernel_run,5,0,0,1
kernel_run,6,0,0,1
kernel_run,7,0,0,1
kernel_run,8,0,0,1
iteration_run,80,102,0,1
iteration_io,80,1,0,1
kernel_run,0,45,0,1
kernel_run,1,0,0,1
kernel_run,2,14,0,1
kernel_run,3,27,0,1
kernel_run,4,0,0,1
kernel_run,5,0,0,1
kernel_run,6,0,0,1
kernel_run,7,0,0,1
kernel_run,8,0,0,1
iteration_run,81,107,0,1
iteration_io,81,1,0,1
kernel_run,0,44,0,1
kernel_run,1,0,0,1
kernel_run,2,9,0,1
kernel_run,3,29,0,1
kernel_run,4,0,0,1
kernel_run,5,0,0,1
kernel_run,6,0,0,1
kernel_run,7,0,0,1
kernel_run,8,0,0,1
iteration_run,82,101,0,1
iteration_io,82,1,0,1
kernel_run,0,51,0,1
kernel_run,1,0,0,1
kernel_run,2,12,0,1
kernel_run,3,35,0,1
kernel_run,4,0,0,1
kernel_run,5,0,0,1
kernel_run,6,0,0,1
kernel_run,7,0,0,1
kernel_run,8,0,0,1
iteration_run,83,116,0,1
iteration_io,83,1,0,1
kernel_run,0,53,0,1
kernel_run,1,1,0,1
kernel_run,2,12,0,1
kernel_run,3,27,0,1
kernel_run,4,0,0,1
kernel_run,5,0,0,1
kernel_run,6,0,0,1
kernel_run,7,0,0,1
kernel_run,8,0,0,1
iteration_run,84,114,0,1
iteration_io,84,1,0,1
kernel_run,0,69,0,1
kernel_run,1,0,0,1
kernel_run,2,16,0,1
kernel_run,3,38,0,1
kernel_run,4,0,0,1
kernel_run,5,0,0,1
kernel_run,6,0,0,1
kernel_run,7,0,0,1
kernel_run,8,0,0,1
iteration_run,85,142,0,1
iteration_io,85,1,0,1
kernel_run,0,54,0,1
kernel_run,1,14,0,1
kernel_run,2,12,0,1
kernel_run,3,29,0,1
kernel_run,4,0,0,1
kernel_run,5,0,0,1
kernel_run,6,0,0,1
kernel_run,7,0,0,1
kernel_run,8,0,0,1
iteration_run,86,130,0,1
iteration_io,86,1,0,1
kernel_run,0,59,0,1
kernel_run,1,0,0,1
kernel_run,2,11,0,1
kernel_run,3,33,0,1
kernel_run,4,0,0,1
kernel_run,5,0,0,1
kernel_run,6,0,0,1
kernel_run,7,0,0,1
kernel_run,8,0,0,1
iteration_run,87,120,0,1
iteration_io,87,1,0,1
kernel_run,0,43,0,1
kernel_run,1,0,0,1
kernel_run,2,15,0,1
kernel_run,3,29,0,1
kernel_run,4,0,0,1
kernel_run,5,0,0,1
kernel_run,6,0,0,1
kernel_run,7,0,0,1
kernel_run,8,0,0,1
iteration_run,88,105,0,1
iteration_io,88,1,0,1
kernel_run,0,50,0,1
kernel_run,1,0,0,1
kernel_run,2,11,0,1
kernel_run,3,28,0,1
kernel_run,4,0,0,1
kernel_run,5,0,0,1
kernel_run,6,0,0,1
kernel_run,7,0,0,1
kernel_run,8,0,0,1
iteration_run,89,109,0,1
iteration_io,89,1,0,1
kernel_run,0,48,0,1
kernel_run,1,0,0,1
kernel_run,2,12,0,1
kernel_run,3,27,0,1
kernel_run,4,0,0,1
kernel_run,5,0,0,1
kernel_run,6,0,0,1
kernel_run,7,0,0,1
kernel_run,8,0,0,1
iteration_run,90,106,0,1
iteration_io,90,1,0,1
kernel_run,0,53,0,1
kernel_run,1,0,0,1
kernel_run,2,12,0,1
kernel_run,3,34,0,1
kernel_run,4,0,0,1
kernel_run,5,0,0,1
kernel_run,6,0,0,1
kernel_run,7,0,0,1
kernel_run,8,0,0,1
iteration_run,91,121,0,1
iteration_io,91,1,0,1
kernel_run,0,48,0,1
kernel_run,1,0,0,1
kernel_run,2,10,0,1
kernel_run,3,27,0,1
kernel_run,4,0,0,1
kernel_run,5,0,0,1
kernel_run,6,0,0,1
kernel_run,7,0,0,1
kernel_run,8,0,0,1
iteration_run,92,107,0,1
iteration_io,92,1,0,1
kernel_run,0,46,0,1
kernel_run,1,0,0,1
kernel_run,2,9,0,1
kernel_run,3,32,0,1
kernel_run,4,0,0,1
kernel_run,5,0,0,1
kernel_run,6,0,0,1
kernel_run,7,0,0,1
kernel_run,8,0,0,1
iteration_run,93,105,0,1
iteration_io,93,1,0,1
kernel_run,0,48,0,1
kernel_run,1,0,0,1
kernel_run,2,9,0,1
kernel_run,3,30,0,1
kernel_run,4,0,0,1
kernel_run,5,0,0,1
kernel_run,6,0,0,1
kernel_run,7,0,0,1
kernel_run,8,0,0,1
iteration_run,94,117,0,1
iteration_io,94,1,0,1
kernel_run,0,55,0,1
kernel_run,1,0,0,1
kernel_run,2,18,0,1
kernel_run,3,35,0,1
kernel_run,4,0,0,1
kernel_run,5,0,0,1
kernel_run,6,0,0,1
kernel_run,7,0,0,1
kernel_run,8,0,0,1
iteration_run,95,128,0,1
iteration_io,95,1,0,1
kernel_run,0,44,0,1
kernel_run,1,0,0,1
kernel_run,2,15,0,1
kernel_run,3,27,0,1
kernel_run,4,0,0,1
kernel_run,5,0,0,1
kernel_run,6,0,0,1
kernel_run,7,0,0,1
kernel_run,8,0,0,1
iteration_run,96,106,0,1
iteration_io,96,1,0,1
kernel_run,0,50,0,1
kernel_run,1,0,0,1
kernel_run,2,13,0,1
kernel_run,3,27,0,1
kernel_run,4,0,0,1
kernel_run,5,0,0,1
kernel_run,6,0,0,1
kernel_run,7,0,0,1
kernel_run,8,0,0,1
iteration_run,97,109,0,1
iteration_io,97,1,0,1
kernel_run,0,45,0,1
kernel_run,1,0,0,1
kernel_run,2,14,0,1
kernel_run,3,30,0,1
kernel_run,4,0,0,1
kernel_run,5,0,0,1
kernel_run,6,0,0,1
kernel_run,7,0,0,1
kernel_run,8,0,0,1
iteration_run,98,108,0,1
iteration_io,98,2,0,1
kernel_run,0,54,0,1
kernel_run,1,0,0,1
kernel_run,2,12,0,1
kernel_run,3,37,0,1
kernel_run,4,0,0,1
kernel_run,5,0,0,1
kernel_run,6,0,0,1
kernel_run,7,0,0,1
kernel_run,8,0,0,1
iteration_run,99,120,0,1
iteration_io,99,1,0,1
