data_io_setup,-1,134,0,8
init_kernel_run,0,11,0,8
init_kernels,-1,16,0,8
init_kernel_run,0,16,1,8
init_kernels,-1,24,1,8
init_io,-1,4408,0,8
init_io,-1,4457,1,8
kernel_run,0,1138,0,8
kernel_run,1,0,0,8
kernel_run,0,1143,1,8
kernel_run,1,0,1,8
kernel_run,2,227,0,8
kernel_run,2,221,1,8
kernel_run,3,543,1,8
kernel_run,3,592,0,8
kernel_run,4,23,0,8
kernel_run,4,29,1,8
kernel_run,5,0,0,8
kernel_run,5,0,1,8
kernel_run,6,4,0,8
kernel_run,6,3,1,8
kernel_run,7,1,0,8
kernel_run,7,1,1,8
kernel_run,8,5,0,8
kernel_run,8,5,1,8
iteration_run,0,2024,0,8
iteration_run,0,1976,1,8
iteration_io,0,3,0,8
iteration_io,0,4,1,8
kernel_run,0,961,0,8
kernel_run,1,1,0,8
kernel_run,0,984,1,8
kernel_run,1,0,1,8
kernel_run,2,377,1,8
kernel_run,2,426,0,8
kernel_run,3,603,1,8
kernel_run,3,602,0,8
kernel_run,4,10,0,8
kernel_run,4,40,1,8
kernel_run,5,0,0,8
kernel_run,5,0,1,8
kernel_run,6,4,0,8
kernel_run,6,3,1,8
kernel_run,7,1,0,8
kernel_run,7,1,1,8
kernel_run,8,5,0,8
kernel_run,8,5,1,8
iteration_run,1,2042,0,8
iteration_run,1,2043,1,8
iteration_io,1,4,0,8
iteration_io,1,4,1,8
kernel_run,0,1014,0,8
kernel_run,1,0,0,8
kernel_run,0,1020,1,8
kernel_run,1,0,1,8
kernel_run,2,215,0,8
kernel_run,2,240,1,8
kernel_run,3,605,0,8
kernel_run,3,588,1,8
kernel_run,4,19,0,8
kernel_run,4,2,1,8
kernel_run,5,0,0,8
kernel_run,5,0,1,8
kernel_run,6,3,0,8
kernel_run,6,3,1,8
kernel_run,7,1,0,8
kernel_run,7,1,1,8
kernel_run,8,5,0,8
iteration_run,2,1892,0,8
kernel_run,8,5,1,8
iteration_io,2,3,0,8
iteration_run,2,1896,1,8
iteration_io,2,6,1,8
kernel_run,0,1002,0,8
kernel_run,0,1001,1,8
kernel_run,1,1,0,8
kernel_run,1,0,1,8
kernel_run,2,210,0,8
kernel_run,2,226,1,8
kernel_run,3,574,1,8
kernel_run,3,593,0,8
kernel_run,4,75,0,8
kernel_run,4,77,1,8
kernel_run,5,0,0,8
kernel_run,5,0,1,8
kernel_run,6,4,0,8
kernel_run,6,3,1,8
kernel_run,7,1,0,8
kernel_run,7,1,1,8
kernel_run,8,5,0,8
iteration_run,3,1920,0,8
kernel_run,8,5,1,8
iteration_io,3,1,0,8
iteration_run,3,1918,1,8
iteration_io,3,4,1,8
kernel_run,0,958,1,8
kernel_run,1,0,1,8
kernel_run,0,965,0,8
kernel_run,1,0,0,8
kernel_run,2,261,1,8
kernel_run,2,292,0,8
kernel_run,3,598,1,8
kernel_run,3,611,0,8
kernel_run,4,16,0,8
kernel_run,4,58,1,8
kernel_run,5,0,0,8
kernel_run,5,0,1,8
kernel_run,6,3,0,8
kernel_run,6,3,1,8
kernel_run,7,1,0,8
kernel_run,7,1,1,8
kernel_run,8,5,0,8
iteration_run,4,1922,0,8
iteration_io,4,1,0,8
kernel_run,8,5,1,8
iteration_run,4,1924,1,8
iteration_io,4,2,1,8
kernel_run,0,950,1,8
kernel_run,1,0,1,8
kernel_run,0,979,0,8
kernel_run,1,0,0,8
kernel_run,2,217,0,8
kernel_run,2,256,1,8
kernel_run,3,653,0,8
kernel_run,3,660,1,8
kernel_run,4,268,0,8
kernel_run,4,233,1,8
kernel_run,5,0,0,8
kernel_run,5,0,1,8
kernel_run,6,3,0,8
kernel_run,6,3,1,8
kernel_run,7,1,0,8
kernel_run,7,1,1,8
kernel_run,8,5,0,8
iteration_run,5,2152,0,8
kernel_run,8,5,1,8
iteration_io,5,1,0,8
iteration_run,5,2150,1,8
iteration_io,5,4,1,8
kernel_run,0,1018,1,8
kernel_run,1,0,1,8
kernel_run,0,1029,0,8
kernel_run,1,0,0,8
kernel_run,2,280,0,8
kernel_run,2,304,1,8
kernel_run,3,688,1,8
kernel_run,3,718,0,8
kernel_run,4,19,0,8
kernel_run,4,21,1,8
kernel_run,5,0,0,8
kernel_run,5,0,1,8
kernel_run,6,3,0,8
kernel_run,6,4,1,8
kernel_run,7,1,0,8
kernel_run,7,1,1,8
kernel_run,8,5,0,8
kernel_run,8,5,1,8
iteration_run,6,2082,0,8
iteration_run,6,2080,1,8
iteration_io,6,4,0,8
iteration_io,6,4,1,8
kernel_run,0,943,0,8
kernel_run,1,0,0,8
kernel_run,0,1089,1,8
kernel_run,1,0,1,8
kernel_run,2,363,0,8
kernel_run,2,236,1,8
kernel_run,3,642,1,8
kernel_run,3,658,0,8
kernel_run,4,1,1,8
kernel_run,4,0,0,8
kernel_run,5,0,1,8
kernel_run,5,0,0,8
kernel_run,6,3,1,8
kernel_run,6,3,0,8
kernel_run,7,1,1,8
kernel_run,7,1,0,8
kernel_run,8,5,1,8
kernel_run,8,5,0,8
iteration_run,7,2015,1,8
iteration_run,7,2019,0,8
iteration_io,7,5,1,8
iteration_io,7,5,0,8
kernel_run,0,1014,0,8
kernel_run,1,0,0,8
kernel_run,0,1123,1,8
kernel_run,1,0,1,8
kernel_run,2,349,0,8
kernel_run,2,256,1,8
kernel_run,3,588,0,8
kernel_run,3,599,1,8
kernel_run,4,30,0,8
kernel_run,4,25,1,8
kernel_run,5,0,0,8
kernel_run,5,0,1,8
kernel_run,6,4,0,8
kernel_run,6,3,1,8
kernel_run,7,1,0,8
kernel_run,7,1,1,8
kernel_run,8,5,0,8
iteration_run,8,2033,0,8
kernel_run,8,5,1,8
iteration_io,8,1,0,8
iteration_run,8,2040,1,8
iteration_io,8,4,1,8
kernel_run,0,950,1,8
kernel_run,1,0,1,8
kernel_run,0,960,0,8
kernel_run,1,1,0,8
kernel_run,2,237,1,8
kernel_run,2,237,0,8
kernel_run,3,611,1,8
kernel_run,3,616,0,8
kernel_run,4,10,1,8
kernel_run,4,0,0,8
kernel_run,5,0,1,8
kernel_run,5,0,0,8
kernel_run,6,3,1,8
kernel_run,6,3,0,8
kernel_run,7,1,1,8
kernel_run,7,1,0,8
kernel_run,8,5,1,8
iteration_run,9,1843,1,8
kernel_run,8,5,0,8
iteration_io,9,3,1,8
iteration_run,9,1853,0,8
iteration_io,9,3,0,8
kernel_run,0,1010,1,8
kernel_run,1,0,1,8
kernel_run,0,1041,0,8
kernel_run,1,0,0,8
kernel_run,2,305,1,8
kernel_run,2,291,0,8
kernel_run,3,711,1,8
kernel_run,3,711,0,8
kernel_run,4,23,0,8
kernel_run,4,44,1,8
kernel_run,5,0,0,8
kernel_run,5,0,1,8
kernel_run,6,3,0,8
kernel_run,6,3,1,8
kernel_run,7,1,0,8
kernel_run,7,1,1,8
kernel_run,8,5,0,8
iteration_run,10,2099,0,8
kernel_run,8,5,1,8
iteration_io,10,1,0,8
iteration_run,10,2105,1,8
iteration_io,10,4,1,8
kernel_run,0,954,0,8
kernel_run,1,0,0,8
kernel_run,0,980,1,8
kernel_run,1,0,1,8
kernel_run,2,228,0,8
kernel_run,2,219,1,8
kernel_run,3,578,0,8
kernel_run,3,557,1,8
kernel_run,4,32,0,8
kernel_run,4,31,1,8
kernel_run,5,0,0,8
kernel_run,5,0,1,8
kernel_run,6,4,0,8
kernel_run,6,3,1,8
kernel_run,7,1,0,8
kernel_run,7,1,1,8
kernel_run,8,5,0,8
iteration_run,11,1828,0,8
kernel_run,8,5,1,8
iteration_io,11,2,0,8
iteration_run,11,1829,1,8
iteration_io,11,3,1,8
kernel_run,0,987,0,8
kernel_run,1,0,0,8
kernel_run,0,988,1,8
kernel_run,1,0,1,8
kernel_run,2,208,0,8
kernel_run,2,232,1,8
kernel_run,3,604,0,8
kernel_run,3,592,1,8
kernel_run,4,9,0,8
kernel_run,4,1,1,8
kernel_run,5,0,0,8
kernel_run,5,0,1,8
kernel_run,6,3,0,8
kernel_run,6,3,1,8
kernel_run,7,1,0,8
kernel_run,7,1,1,8
kernel_run,8,5,0,8
kernel_run,8,5,1,8
iteration_run,12,1852,0,8
iteration_run,12,1852,1,8
iteration_io,12,6,0,8
iteration_io,12,6,1,8
kernel_run,0,1017,1,8
kernel_run,0,1022,0,8
kernel_run,1,0,1,8
kernel_run,1,0,0,8
kernel_run,2,221,1,8
kernel_run,2,229,0,8
kernel_run,3,591,1,8
kernel_run,3,628,0,8
kernel_run,4,46,1,8
kernel_run,4,0,0,8
kernel_run,5,0,1,8
kernel_run,5,0,0,8
kernel_run,6,3,1,8
kernel_run,6,3,0,8
kernel_run,7,1,1,8
kernel_run,7,1,0,8
kernel_run,8,5,1,8
iteration_run,13,1910,1,8
kernel_run,8,5,0,8
iteration_io,13,2,1,8
iteration_run,13,1918,0,8
iteration_io,13,4,0,8
kernel_run,0,997,0,8
kernel_run,1,0,0,8
kernel_run,0,1050,1,8
kernel_run,1,0,1,8
kernel_run,2,320,0,8
kernel_run,2,274,1,8
kernel_run,3,718,1,8
kernel_run,3,736,0,8
kernel_run,4,23,0,8
kernel_run,4,25,1,8
kernel_run,5,0,0,8
kernel_run,5,0,1,8
kernel_run,6,3,0,8
kernel_run,6,4,1,8
kernel_run,7,1,0,8
kernel_run,7,1,1,8
kernel_run,8,5,0,8
iteration_run,14,2138,0,8
kernel_run,8,5,1,8
iteration_io,14,2,0,8
iteration_run,14,2148,1,8
iteration_io,14,6,1,8
kernel_run,0,982,0,8
kernel_run,1,0,0,8
kernel_run,0,977,1,8
kernel_run,1,0,1,8
kernel_run,2,208,1,8
kernel_run,2,229,0,8
kernel_run,3,608,0,8
kernel_run,3,632,1,8
kernel_run,4,29,0,8
kernel_run,4,13,1,8
kernel_run,5,0,0,8
kernel_run,5,0,1,8
kernel_run,6,4,0,8
kernel_run,6,3,1,8
kernel_run,7,1,0,8
kernel_run,7,1,1,8
kernel_run,8,5,0,8
iteration_run,15,1887,0,8
kernel_run,8,5,1,8
iteration_io,15,2,0,8
iteration_run,15,1884,1,8
iteration_io,15,4,1,8
kernel_run,0,945,0,8
kernel_run,1,0,0,8
kernel_run,0,974,1,8
kernel_run,1,0,1,8
kernel_run,2,213,1,8
kernel_run,2,278,0,8
kernel_run,3,707,1,8
kernel_run,3,677,0,8
kernel_run,4,24,0,8
kernel_run,4,25,1,8
kernel_run,5,0,0,8
kernel_run,5,0,1,8
kernel_run,6,3,0,8
kernel_run,6,3,1,8
kernel_run,7,1,0,8
kernel_run,7,1,1,8
kernel_run,8,5,0,8
iteration_run,16,1959,0,8
kernel_run,8,5,1,8
iteration_io,16,2,0,8
iteration_run,16,1961,1,8
iteration_io,16,5,1,8
kernel_run,0,976,1,8
kernel_run,1,0,1,8
kernel_run,0,999,0,8
kernel_run,1,0,0,8
kernel_run,2,238,1,8
kernel_run,2,223,0,8
kernel_run,3,680,0,8
kernel_run,3,697,1,8
kernel_run,4,14,0,8
kernel_run,4,0,1,8
kernel_run,5,0,0,8
kernel_run,5,0,1,8
kernel_run,6,3,0,8
kernel_run,6,3,1,8
kernel_run,7,1,0,8
kernel_run,7,1,1,8
kernel_run,8,5,0,8
kernel_run,8,5,1,8
iteration_run,17,1953,0,8
iteration_run,17,1950,1,8
iteration_io,17,14,0,8
iteration_io,17,15,1,8
kernel_run,0,1018,0,8
kernel_run,0,1023,1,8
kernel_run,1,0,0,8
kernel_run,1,0,1,8
kernel_run,2,275,1,8
kernel_run,2,283,0,8
kernel_run,3,721,0,8
kernel_run,3,876,1,8
kernel_run,4,167,0,8
kernel_run,4,27,1,8
kernel_run,5,0,0,8
kernel_run,5,0,1,8
kernel_run,6,4,0,8
kernel_run,6,4,1,8
kernel_run,7,1,0,8
kernel_run,7,1,1,8
kernel_run,8,5,0,8
kernel_run,8,5,1,8
iteration_run,18,2249,0,8
iteration_run,18,2249,1,8
iteration_io,18,4,0,8
iteration_io,18,5,1,8
kernel_run,0,967,0,8
kernel_run,1,0,0,8
kernel_run,0,982,1,8
kernel_run,1,0,1,8
kernel_run,2,220,0,8
kernel_run,2,212,1,8
kernel_run,3,576,0,8
kernel_run,3,600,1,8
kernel_run,4,33,0,8
kernel_run,4,6,1,8
kernel_run,5,0,0,8
kernel_run,5,0,1,8
kernel_run,6,3,0,8
kernel_run,6,4,1,8
kernel_run,7,1,0,8
kernel_run,7,1,1,8
kernel_run,8,5,0,8
kernel_run,8,5,1,8
iteration_run,19,1842,0,8
iteration_run,19,1842,1,8
iteration_io,19,5,0,8
iteration_io,19,6,1,8
kernel_run,0,972,1,8
kernel_run,1,0,1,8
kernel_run,0,1004,0,8
kernel_run,1,0,0,8
kernel_run,2,253,1,8
kernel_run,2,241,0,8
kernel_run,3,551,1,8
kernel_run,3,545,0,8
kernel_run,4,227,1,8
kernel_run,4,214,0,8
kernel_run,5,0,1,8
kernel_run,5,0,0,8
kernel_run,6,3,1,8
kernel_run,6,3,0,8
kernel_run,7,1,1,8
kernel_run,7,1,0,8
kernel_run,8,5,1,8
iteration_run,20,2036,1,8
kernel_run,8,5,0,8
iteration_io,20,2,1,8
iteration_run,20,2044,0,8
iteration_io,20,4,0,8
kernel_run,0,968,1,8
kernel_run,1,0,1,8
kernel_run,0,984,0,8
kernel_run,1,0,0,8
kernel_run,2,218,1,8
kernel_run,2,210,0,8
kernel_run,3,587,1,8
kernel_run,3,602,0,8
kernel_run,4,15,0,8
kernel_run,4,43,1,8
kernel_run,5,0,0,8
kernel_run,5,0,1,8
kernel_run,6,3,0,8
kernel_run,6,3,1,8
kernel_run,7,1,0,8
kernel_run,7,1,1,8
kernel_run,8,5,0,8
iteration_run,21,1846,0,8
kernel_run,8,5,1,8
iteration_io,21,2,0,8
iteration_run,21,1856,1,8
iteration_io,21,4,1,8
kernel_run,0,1050,0,8
kernel_run,1,0,0,8
kernel_run,0,1049,1,8
kernel_run,1,0,1,8
kernel_run,2,266,0,8
kernel_run,2,291,1,8
kernel_run,3,754,0,8
kernel_run,3,725,1,8
kernel_run,4,34,0,8
kernel_run,4,30,1,8
kernel_run,5,0,0,8
kernel_run,5,0,1,8
kernel_run,6,3,0,8
kernel_run,6,4,1,8
kernel_run,7,1,0,8
kernel_run,7,1,1,8
kernel_run,8,5,0,8
kernel_run,8,5,1,8
iteration_run,22,2235,0,8
iteration_run,22,2253,1,8
iteration_io,22,33,0,8
iteration_io,22,29,1,8
kernel_run,0,970,0,8
kernel_run,1,1,0,8
kernel_run,0,1022,1,8
kernel_run,1,0,1,8
kernel_run,2,247,0,8
kernel_run,2,222,1,8
kernel_run,3,555,0,8
kernel_run,3,567,1,8
kernel_run,4,63,0,8
kernel_run,4,0,1,8
kernel_run,5,0,0,8
kernel_run,5,0,1,8
kernel_run,6,3,0,8
kernel_run,6,3,1,8
kernel_run,7,1,0,8
kernel_run,7,1,1,8
kernel_run,8,5,0,8
kernel_run,8,5,1,8
iteration_run,23,1932,0,8
iteration_run,23,1948,1,8
iteration_io,23,33,0,8
iteration_io,23,18,1,8
kernel_run,0,992,0,8
kernel_run,0,989,1,8
kernel_run,1,0,0,8
kernel_run,1,0,1,8
kernel_run,2,223,1,8
kernel_run,2,242,0,8
kernel_run,3,559,1,8
kernel_run,3,581,0,8
kernel_run,4,25,0,8
kernel_run,4,67,1,8
kernel_run,5,0,0,8
kernel_run,5,0,1,8
kernel_run,6,4,0,8
kernel_run,6,3,1,8
kernel_run,7,1,0,8
kernel_run,7,1,1,8
kernel_run,8,5,0,8
kernel_run,8,5,1,8
iteration_run,24,2018,0,8
iteration_run,24,2011,1,8
iteration_io,24,10,0,8
iteration_io,24,26,1,8
kernel_run,0,1050,0,8
kernel_run,1,0,0,8
kernel_run,0,1059,1,8
kernel_run,1,0,1,8
kernel_run,2,272,0,8
kernel_run,2,265,1,8
kernel_run,3,729,0,8
kernel_run,3,730,1,8
kernel_run,4,9,0,8
kernel_run,4,0,1,8
kernel_run,5,0,0,8
kernel_run,5,0,1,8
kernel_run,6,3,0,8
kernel_run,6,3,1,8
kernel_run,7,1,0,8
kernel_run,7,1,1,8
kernel_run,8,5,0,8
iteration_run,25,2101,0,8
kernel_run,8,5,1,8
iteration_io,25,2,0,8
iteration_run,25,2101,1,8
iteration_io,25,5,1,8
kernel_run,0,983,0,8
kernel_run,1,0,0,8
kernel_run,0,1023,1,8
kernel_run,1,0,1,8
kernel_run,2,241,0,8
kernel_run,2,233,1,8
kernel_run,3,598,0,8
kernel_run,3,600,1,8
kernel_run,4,39,0,8
kernel_run,4,0,1,8
kernel_run,5,0,0,8
kernel_run,5,0,1,8
kernel_run,6,3,0,8
kernel_run,6,3,1,8
kernel_run,7,1,0,8
kernel_run,7,1,1,8
kernel_run,8,5,0,8
kernel_run,8,5,1,8
iteration_run,26,1896,0,8
iteration_run,26,1894,1,8
iteration_io,26,4,0,8
iteration_io,26,3,1,8
kernel_run,0,935,1,8
kernel_run,1,0,1,8
kernel_run,0,949,0,8
kernel_run,1,0,0,8
kernel_run,2,226,1,8
kernel_run,2,234,0,8
kernel_run,3,567,7,8
kernel_run,3,579,1,8
kernel_run,3,563,0,8
kernel_run,3,575,4,8
kernel_run,3,583,5,8
kernel_run,3,584,3,8
kernel_run,3,583,6,8
kernel_run,3,589,2,8
kernel_run,4,42,0,8
kernel_run,4,43,1,8
kernel_run,5,0,3,8

kernel_run,5,0,6,8
kernel_run,5,0,2,8
kernel_run,6,2,7,8
kernel_run,6,2,5,8
kernel_run,6,3,0,8
kernel_run,6,2,4,8
kernel_run,6,3,1,8
kernel_run,7,1,3,8
kernel_run,7,1,2,8
kernel_run,8,5,5,8
kernel_run,8,5,6,8
22,5,8
kernel_run,8,5,4,8
22,7,8
run,8,5,3,8
iteration_io,27,2,5,8
6,8
kernel_run,8,5,1,8
iteration_io,27,5,7,8
4,8
iteration_io,27,3,0,8
2,8
iteration_run,27,1831,iteration_io,27,6,2,8
iteration_io,27,6,1,8
kernel_run,0,963,3,8
kernel_run,1,0,3,8
kernel_run,0,1000,7,8
kernel_run,0,1001,0,8
kernel_run,0,998,1,kekernel_run,1,0,0,8
,8
kernel_run,1,0,5,8
kernel_run,0,1023,4,8
kernel_run,0,1023,2,8
kernel_run,1,0,2,8
kernel_run,2,220,6,8
kernel_run,2,227,7,8
kernel_run,2,225,1,8
kernel_run,2,259,3,8
kernel_run,2,238,5,8
kernel_run,2,218,2,8
kernel_run,2,242,0,8
kernel_run,2,222,4,8
kernel_run,3,575,1,8
kernel_run,3,573,3,8
kernel_run,3,597,7,8
kernel_run,3,591,2,8
kernel_run,3,593,5,8
kernel_run,3,592,4,8
kernel_run,3,614,6,8
kernel_run,3,596,0,8
kernel_run,4,5,2,8
kernel_run,4,35,3,8
kernel_run,5,0,2,8
kkernel_run,5,0,3,8kkernel_run,5,0,7,8
kernel_run,6,3,1,8
kernel_run,6,2,2,8
kernel_run,6,2,5,8
kernel_run,6,2,3,8
kernel_run,7,1,2,8
kernel_run,7,1,6,8
kernel_run,7,1,3,8
kernel_run,7,1,7,8
kernel_run,7,1,4,8
kernel_run,8,5,1,8
kernel_run,8,5,6,8
iteration_run,28,1876,2,8
kernel_run,8,5,3,8
iteration_run,28,18iteration_run,28,18iteratiiteration_run,28,18iteratiiteration_io,28,4,6iteiteration_io,28,5,7iteration_io,28,5,4,8
kernel_run,0,993,1,8
kernel_run,0,998,5,8
kernel_run,1,0,1,8
kernel_run,1,0,5,8
kernel_run,0,1003,0,8
kernel_run,1,0,0,8
kernel_run,0,1010,3,8
kernel_run,1,0,3,8
kernel_run,0,1018,2,8
kernel_run,1,0,2,8
kernel_run,0,1021,6,8
kernel_run,0,1019,4,8
kernel_run,1,0,6,8
kernel_run,0,1022,7,8
kernel_run,1,0,4,8
kernel_run,1,0,7,8
kernel_run,2,263,1,8
kernel_run,2,271,6,8
kernel_run,2,299,5,8
kernel_run,2,276,7,8
kernel_run,2,295,3,8
kernel_run,2,298,2,8
kernel_run,2,291,4,8
kernel_run,2,311,0,8
kernel_run,3,737,1,8
kernel_run,3,717,5,8
kernel_run,3,734,6,8
kernel_run,3,722,3,8
kernel_run,3,729,7,8
kernel_run,3,719,2,8
kernel_run,3,730,0,8
kernel_run,3,733,4,8
kernel_run,4,17,7,8
kernel_run,4,22,6,8
kernel_run,5,0,7,8

kernel_run,5,0,6,8
kernel_run,5,0,3,8
kernel_run,6,2,5,8
kernel_run,6,2,7,8
kernel_run,6,2,4,8
kernel_run,6,2,6,8
kernel_run,7,1,2,8
kernel_run,7,1,7,8
kernel_run,7,1,3,8
kernel_run,7,1,6,8
kernel_run,8,5,5,8
kernel_run,8,5,0,8
iteration_run,29,2081,5,8
kernel_run,8,5,7,8
kernel_run,8,5,4,8
87,2,8
kernel_run,8,5,1,8
iteration_io,29,4,5iteratiiteration_run,2iteration_riteration_io,29,5,0iteration_io,29,5,7,8
iteration_io,29,5,1,8
iteration_io,29,8,6,8
kernel_run,0,947,0,8
kernel_run,1,0,0,8
kernel_run,0,977,2,8
kernel_run,0,972,1,8
kernel_run,0,972,6,8
kernel_run,0,980,4,8
kernel_run,1,0,6,8
kernel_run,1,0,4,8
kernel_run,0,994,5,8
kernel_run,0,986,7,8
kernel_run,1,0,5,8
kernel_run,0,990,3,8
kernel_run,1,0,7,8
kernel_run,1,0,3,8
kernel_run,2,248,0,8
kernel_run,2,225,4,8
kernel_run,2,232,6,8
kernel_run,2,240,2,8
kernel_run,2,230,5,8
kernel_run,2,228,3,8
kernel_run,2,229,7,8
kernel_run,2,245,1,8
kernel_run,3,600,6,8
kernel_run,3,609,2,8
kernel_run,3,629,4,8
kernel_run,3,626,5,8
kernel_run,3,623,7,8
kernel_run,3,628,3,8
kernel_run,3,632,1,8
kernel_run,3,649,0,8
kernel_run,4,10,5,8kkernel_run,4,19,4,8kernel_run,5,0,0,8
kernel_run,5,0,3,8
kernel_run,5,0,1,8
kernel_run,6,2,2,8
kernel_run,6,2,5,8
kernel_run,7,1,2,8
kernel_run,6,2,4,8
kernel_run,7,1,6,8
kernel_run,7,1,0,8
kernel_run,7,1,7,8
kernel_run,7,1,4,8
kernel_run,8,5,2,8
iteration_run,30,1892,2,8
kernel_run,8,5,3,8
iteration_io,30,1,2,8
nel_run,8,5,7,8
iteration_run,30,18iteratiiteration_run,30,18iteration_run,30,1896,4,8
,8
iteration_io,30,5,5,8
iteration_io,30,6,4,8
kernel_run,0,971,0,8
kernel_run,0,975,6,8
kernel_run,0,974,7,8
kernel_run,1,0,2,8
kernel_run,1,0,7,8
kernel_run,0,978,4,8
kernel_run,1,0,4,8
kernel_run,0,986,1,8
kernel_run,0,990,5,8
kernel_run,1,0,1,8
kernel_run,0,995,3,8
kernel_run,1,0,5,8
kernel_run,1,0,3,8
kernel_run,2,235,4,8
kernel_run,2,247,0,8
kernel_run,2,255,6,8
kernel_run,2,241,3,8
kernel_run,2,262,2,8
kernel_run,2,250,5,8
kernel_run,2,264,7,8
kernel_run,3,600,4,8
kernel_run,3,597,3,8
kernel_run,3,627,0,8
kernel_run,3,614,5,8
kernel_run,3,623,1,8
kernel_run,3,625,2,8
kernel_run,3,643,6,8
kernel_run,3,633,7,8
kernel_run,4,1,6,8
kernel_run,4,0,7,8

kernel_run,4,19,1,8
kernel_run,5,0,7,8
kernel_run,5,0,1,8
kernel_run,6,2,6,8
kernel_run,6,2,2,8
kernel_run,6,2,7,8
kernel_run,6,2,3,8
kernel_run,7,1,6,8
kernel_run,6,3,1,8
kernel_run,7,1,0,8
kernel_run,7,1,1,8
kernel_run,8,5,7,8
iteration_run,31,1910,6,8
run,8,5,2,8
iteration_run,31,1910,7,8
kernel_run,8,5,5,8
20,2,8
iteration_io,31,2,4iteration_io,31,2,2iteration_run,31,1915,5,8
,8
iteration_run,31,1916,1,8
ation_io,31,5,5,8
iteration_io,31,5,0,8
iteration_io,31,5,1,8
kernel_run,0,943,3,8
kernel_run,1,0,3,8
kernel_run,0,973,6,8
kernel_run,1,0,6,8
kernel_run,0,984,0,8
kernel_run,1,0,0,8
kernel_run,0,995,2,8
kernel_run,1,0,2,8
8
kernel_run,0,998,4,8
kernel_run,1,0,5,8
kernel_run,1,0,4,8
kernel_run,0,1000,1,8
kernel_run,0,1007,7,8
kernel_run,1,0,1,8
kernel_run,1,0,7,8
kernel_run,2,223,6,8
kernel_run,2,268,3,8
kernel_run,2,230,0,8
kernel_run,2,228,4,8
kernel_run,2,234,2,8
kernel_run,2,223,1,8
kernel_run,2,264,5,8
kernel_run,3,571,3,8
kernel_run,3,569,4,8
kernel_run,3,570,7,8
kernel_run,3,582,1,8
kernel_run,3,620,6,8
kernel_run,3,596,0,8
kernel_run,3,592,2,8
kernel_run,3,578,5,8
kernel_run,4,24,6,8
kernel_run,4,38,7,8
kernel_run,5,0,4,8

kernel_run,5,0,5,8
kernel_run,5,0,3,8
kernel_run,6,2,4,8
kernel_run,6,2,6,8
kernel_run,6,3,0,8
kernel_run,6,2,2,8
kernel_run,6,2,5,8
kernel_run,7,1,4,8
kernel_run,7,1,6,8
kernel_run,6,3,7,8
kernel_run,7,1,0,8
kernel_run,7,1,5,8
kernel_run,7,1,1,8
kernel_run,7,1,7,8
kernel_run,8,5,4,8
iteration_run,32,1876,2,8
kernel_run,8,5,0,8
iteration_run,32,1877,6,8
kernel_run,8,5,3,8
78,4,8
iteration_io,32,2,2iteiteration_run,32,1877,3iteration_run,32,1878,5,8
iteration_io,32,5,0,8
7,8
iteration_io,32,4,1,8
iteration_io,32,6,5,8
kernel_run,0,1059,3,8
kernel_run,1,0,3,8
kernel_run,0,1072,4,8
kernel_run,1,0,4,8
kernel_run,0,1072,7,8
kernel_run,0,1081,6,8
kernel_run,1,0,7,8
kernel_run,1,0,6,8
kernel_run,0,1075,5,8
kernel_run,1,0,5,8
kernel_run,0,1081,1,8
kernel_run,0,1091,2,8
kernel_run,0,1086,0,8
kernel_run,1,0,1,8
kernel_run,1,0,0,8
kernel_run,2,269,4,8
kernel_run,2,274,5,8
kernel_run,2,300,3,8
kernel_run,2,284,6,8
kernel_run,2,292,1,8
kernel_run,2,307,7,8
kernel_run,2,295,0,8
kernel_run,3,713,6,8
kernel_run,3,717,3,8
kernel_run,3,729,5,8
kernel_run,3,716,2,8
kernel_run,3,761,4,8
kernel_run,3,717,0,8
kernel_run,3,731,7,8
kernel_run,4,16,2,8
kernel_run,4,39,3,8
kernel_run,5,0,6,8

kernel_run,5,0,4,8
kernel_run,5,0,1,8
kernel_run,6,2,6,8
kernel_run,6,3,0,8
kernel_run,6,2,7,8
kernel_run,7,1,4,8
kernel_run,7,1,5,8
kernel_run,7,1,1,8
kernel_run,8,5,4,8
kernel_run,8,5,2,8
iteration_run,33,2152,4,8
kernel_run,8,5,5,8
56,6,8
kernel_run,8,5,7,8
iteration_io,33,3,6,8
0,8
iteration_run,33,2151,5,8
iteration_run,33,2154,iteration_io,33,5,3,8
5,8
iteration_io,33,5,7,8
kernel_run,0,968,3,8
kernel_run,1,0,3,8
kernel_run,0,993,0,8
kernel_run,1,0,0,8
kernel_run,0,995,1,8
kernel_run,1,0,1,8
8
kernel_run,1,0,7,8
kernel_run,0,1006,5,8
kernel_run,0,1012,6,8
kernel_run,1,0,5,8
kernel_run,1,0,6,8
kernel_run,0,1023,4,8
kernel_run,0,1023,2,8
kernel_run,1,0,2,8
kernel_run,2,239,3,8
kernel_run,2,220,1,8
kernel_run,2,217,6,8
kernel_run,2,225,7,8
kernel_run,2,233,5,8
kernel_run,2,252,0,8
kernel_run,2,226,4,8
kernel_run,3,564,1,8
kernel_run,3,572,6,8
kernel_run,3,603,7,8
kernel_run,3,584,2,8
kernel_run,3,775,3,8
kernel_run,3,759,4,8
kernel_run,3,764,0,8
kernel_run,4,233,1,8
kernel_run,4,0,0,8
8
kernel_run,4,184,7,kernel_run,5,0,5,8


kernel_run,5,0,4,8
kernel_run,5,0,6,8
kernel_run,6,3,0,8
kernel_run,6,3,2,8
                                      kernel_run,6,2,3,8
                   kernel_run,7,1,2,8
kernel_run,7,1,3,8
kernel_run,7,1,6,8
kernel_run,8,5,5,8
kernel_run,8,5,0,8
iteration_run,34,2049,5,8
kernel_run,8,5,1,8
51,2,8
kernel_run,8,5,3,8
50,7,8
iteration_io,34,2,2iteratiiteration_run,34,2054,3,8
iteration_io,34iteratiiteration_io,34,4,1,8
on_io,34,4,3,8
kernel_run,0,1083,4,8
kernel_run,0,1092,2,8
kernel_run,1,0,4,8
kernel_run,1,0,2,8
kernel_run,0,1107,3,8
kernel_run,0,1116,5,8
kernel_run,1,0,3,8
kernel_run,1,0,5,8
kernel_run,0,1125,6,8
kernel_run,1,0,6,8
kernel_run,0,1149,7,8
kernel_run,1,0,7,8
kernel_run,0,1157,0,8
kernel_run,0,1154,1,8
kernel_run,1,0,0,8
kernel_run,1,0,1,8
kernel_run,2,241,4,8
kernel_run,2,217,6,8
kernel_run,2,235,5,8
kernel_run,2,237,3,8
kernel_run,2,264,2,8
kernel_run,2,224,7,8
kernel_run,2,222,0,8
kernel_run,2,220,1,8
kernel_run,3,540,6,8
kernel_run,3,566,5,8
kernel_run,3,573,3,8
kernel_run,3,566,2,8
kernel_run,3,617,4,8
kernel_run,3,586,0,8
kernel_run,3,597,1,8
kernel_run,3,609,7,8
kernel_run,4,65,5,8
kernel_run,4,57,3,8kkernel_run,5,0,2,8
kernel_run,5,0,7,8
kernel_run,6,2,6,8
kernel_run,6,3,0,8
kernel_run,6,2,3,8
kernel_run,7,1,2,8
kernel_run,7,1,4,8
kernel_run,7,1,1,8
kernel_run,8,5,5,8
kernel_run,8,5,0,8
iteration_run,35,2021,2,8
kernel_run,8,5,3,8
23,5,8
kernel_run,8,5,1,8
iteration_io,35,2,5,8
0,8
iteration_run,35,2025,4,8
iteration_io,35,5,0,8
iteration_io,35,5,7,8
iteration_io,35,4,1,8
kernel_run,0,945,6,8
kernel_run,0,948,3,8
kernel_run,0,956,5,8
kernel_run,1,0,6,8
8
kernel_run,1,0,5,8
kernel_run,1,0,4,8
kernel_run,0,964,7,8
kernel_run,1,0,7,8
kernel_run,0,984,2,8
kernel_run,1,0,2,8
kernel_run,0,982,0,8
kernel_run,1,0,0,8
kernel_run,0,993,1,8
kernel_run,1,0,1,8
kernel_run,2,229,7,8
kernel_run,2,242,5,8
kernel_run,2,219,0,8
kernel_run,2,231,2,8
kernel_run,2,252,6,8
kernel_run,2,250,4,8
kernel_run,2,256,3,8
kernel_run,2,223,1,8
kernel_run,3,559,5,8
kernel_run,3,567,0,8
kernel_run,3,570,4,8
kernel_run,3,575,6,8
kernel_run,3,594,7,8
kernel_run,3,583,1,8
kernel_run,3,590,3,8
kernel_run,3,607,2,8
kernel_run,4,46,0,8
kernel_run,4,0,2,8

kernel_run,5,0,3,8
kernel_run,5,0,7,8
kernel_run,5,0,2,8
kernel_run,5,0,5,8
kernel_run,6,2,6,8
kernel_run,6,2,4,8
kernel_run,6,2,2,8
kernel_run,7,1,3,8
kernel_run,6,3,1,8
kernel_run,7,1,0,8
kernel_run,7,1,6,8
kernel_run,7,1,2,8
kernel_run,7,1,5,8
kernel_run,8,5,3,8
kernel_run,8,5,0,8
kernel_run,8,5,4,8
53,6,8
iteration_run,36,1854,3,8
kernel_run,8,5,7,8
53,0,8
iteration_io,36,3,6iteiteration_run,36,18iteriteration_run,36,1863,5,8
iteration_io,36,5,4,8
iteration_io,36,4,1,8
iteration_io,36,4,5,8
kernel_run,0,1012,7,8
kernel_run,1,0,7,8
kernel_run,0,1037,0,8
kernel_run,0,1033,4,8
kernel_run,0,1041,6,8
kernel_run,1,0,4,8
kernel_run,1,0,6,8
kernel_run,0,1042,2,8
kernel_run,0,1043,1,8
kernel_run,1,0,2,8
kernel_run,1,0,1,8
kernel_run,0,1045,5,8
kernel_run,0,1053,3,8
kernel_run,1,0,5,8
kernel_run,1,0,3,8
kernel_run,2,279,4,8
kernel_run,2,287,0,8
kernel_run,2,283,5,8
kernel_run,2,284,3,8
kernel_run,2,295,2,8
kernel_run,2,294,1,8
kernel_run,2,303,6,8
kernel_run,3,697,0,8
kernel_run,3,684,3,8
kernel_run,3,713,4,8
kernel_run,3,699,5,8
kernel_run,3,700,7,8
kernel_run,3,697,1,8
kernel_run,3,704,2,8
kernel_run,3,703,6,8
kernel_run,4,15,4,8kernel_run,4,24,3,8
kkernel_run,5,0,4,8kkernel_run,5,0,5,8kernel_run,5,0,1,8
kernel_run,6,2,7,8
kernel_run,6,2,2,8
kernel_run,6,2,6,8
kernel_run,6,3,0,8
kernel_run,7,1,7,8
kernel_run,7,1,4,8
kernel_run,7,1,6,8
kernel_run,7,1,0,8
kernel_run,7,1,5,8
kernel_run,7,1,1,8
kernel_run,8,5,7,8
iteration_run,37,2086,7,8
kernel_run,8,5,2,8
kernel_run,8,5,6,8
iteration_io,37,1,7,8
ration_run,37,2087,2,8
iteration_run,37,20iteration_io,37,3,2,8
4,8
iteration_run,37,2090,5,8
iteration_io,37,5,4,8
iteration_io,37,4,1,8
iteration_io,37,5,5,8
kernel_run,0,1106,6,8
kernel_run,0,1116,0,8
kernel_run,0,1122,1,8
kernel_run,1,0,0,8
kernel_run,1,0,1,8
kernel_run,0,1147,7,8
kernel_run,1,0,7,8
kernel_run,0,1153,3,8
kernel_run,1,0,3,8
kernel_run,0,1167,4,8
kernel_run,1,0,4,8
kernel_run,0,1176,2,8
kernel_run,1,0,2,8
kernel_run,0,1183,5,8
kernel_run,1,0,5,8
kernel_run,2,233,0,8
kernel_run,2,247,6,8
kernel_run,2,225,3,8
kernel_run,2,227,4,8
kernel_run,2,259,7,8
kernel_run,2,271,1,8
kernel_run,2,230,2,8
kernel_run,2,227,5,8
kernel_run,3,564,4,8
kernel_run,3,579,3,8
kernel_run,3,614,0,8
kernel_run,3,574,1,8
kernel_run,3,610,6,8
kernel_run,3,596,7,8
kernel_run,3,606,2,8
kernel_run,3,612,5,8
kernel_run,4,50,0,8
kernel_run,4,0,5,8

kernel_run,5,0,0,8

kernel_run,5,0,1,8
kernel_run,5,0,6,8
kernel_run,6,2,7,8
kernel_run,6,3,0,8
kernel_run,6,2,6,8
kernel_run,7,1,2,8
kernel_run,7,1,7,8
kernel_run,7,1,3,8
kernel_run,7,1,1,8
kernel_run,8,5,2,8
iteration_run,38,2064,2,8
kernel_run,8,5,3,8
iteration_run,38,2061,4,8
kernel_run,8,5,5,8
iteiteration_io,38,2,4,8
0iteiteration_run,38,2064,5iteration_io,38,4,7,8
iteration_io,38,4,6,8
iteration_io,38,4,1,8
kernel_run,0,1055,7,8
kernel_run,1,0,7,8
kernel_run,0,1072,3,8
kernel_run,1,0,3,8
kernel_run,0,1091,6,8
kernel_run,1,0,6,8
kernel_run,0,1096,5,8
kernel_run,0,1099,0,8
kernel_run,1,0,5,8
kernel_run,1,0,0,8
kernel_run,0,1109,1,8
kernel_run,1,0,1,8
kernel_run,0,1122,4,8
kernel_run,0,1127,2,8
kernel_run,1,0,4,8
kernel_run,1,0,2,8
kernel_run,2,223,0,8
kernel_run,2,250,3,8
kernel_run,2,272,7,8
kernel_run,2,217,2,8
kernel_run,2,249,5,8
kernel_run,2,256,6,8
kernel_run,2,229,4,8
kernel_run,2,242,1,8
kernel_run,3,589,0,8
kernel_run,3,579,1,8
kernel_run,3,615,3,8
kernel_run,3,597,5,8
kernel_run,3,608,2,8
kernel_run,3,599,4,8
kernel_run,3,771,6,8
kernel_run,3,787,7,8
kernel_run,4,1,6,8
kernel_run,4,0,7,8
8
kernel_run,5,0,6,8
8
kernel_run,5,0,0,8
kernel_run,5,0,1,8
kernel_run,6,2,6,8
kernel_run,6,2,2,8
kernel_run,6,2,5,8
kernel_run,6,2,3,8
kernel_run,6,2,4,8
kernel_run,7,1,7,8
kernel_run,6,3,0,8
kernel_run,6,3,1,8
kernel_run,7,1,3,8
kernel_run,7,1,4,8
kernel_run,7,1,1,8
kernel_run,7,1,0,8
kernel_run,8,5,6,8
kernel_run,8,5,2,8
52,6,8
kernel_run,8,5,7,8
iteration_io,39,1,6iteiteration_run,39,21kerniteration_run,39,2164,4,8
iteration_io,39,4,5,8
iteriteration_io,39,4,4,8
0,8
iteration_io,39,4,1,8
iteration_io,39,4,0,8
kernel_run,0,964,4,8
kernel_run,1,0,4,8
kernel_run,0,974,7,8
kernel_run,1,0,7,8
kernel_run,0,987,0,8
kernel_run,1,0,0,8
kernel_run,0,1000,1,8
kernel_run,1,0,1,8
kernel_run,0,1010,3,8
kernel_run,0,1012,5,8
kernel_run,1,0,3,8
kernel_run,0,1022,6,8
kernel_run,1,0,6,8
kernel_run,2,199,7,8
kernel_run,2,224,0,8
kernel_run,2,233,1,8
kernel_run,2,272,4,8
kernel_run,2,232,2,8
kernel_run,2,228,6,8
kernel_run,2,238,5,8
kernel_run,2,242,3,8
kernel_run,3,583,7,8
kernel_run,3,567,0,8
kernel_run,3,596,1,8
kernel_run,3,586,6,8
kernel_run,3,595,2,8
kernel_run,3,613,4,8
kernel_run,3,603,5,8
kernel_run,3,601,3,8
kernel_run,4,80,0,8
kernel_run,4,0,3,8
8kernel_run,5,0,2,8
ernel_run,5,0,4,8
kernel_run,5,0,1,8
kernel_run,5,0,3,8
kernel_run,6,2,6,8
kernel_run,6,3,0,8
kernel_run,6,2,2,8
kernel_run,6,2,7,8
kernel_run,6,2,3,8
kernel_run,7,1,0,8
kernel_run,7,1,6,8
kernel_run,7,1,2,8
kernel_run,7,1,5,8
kernel_run,7,1,3,8
kernel_run,8,5,1,8
kernel_run,8,5,0,8
kernel_run,8,5,6,8
iteration_run,40,1892,0,8
iteration_run,40,1893,1,8
on_run,40,1903,6,8
iteration_io,40,2,0,8
nel_run,8,5,5,8
iteration_io,40,5,1,8
4,8
iteration_run,40,1905,2,8
iteration_io,40,6,4,8
3,8
iteration_io,40,5,2,8
iteration_io,40,5,3,8
kernel_run,0,1024,7,8
kernel_run,1,0,7,8
kernel_run,0,1032,3,8
kernel_run,1,0,3,8
kernel_run,0,1044,1,8
kernel_run,1,0,1,8
kernel_run,0,1042,5,8
kernel_run,0,1045,4,8
kernel_run,1,0,5,8
,8
kernel_run,1,0,4,8
,8
kernel_run,0,1055,0,8
kernel_run,1,0,6,8
kernel_run,1,0,2,8
kernel_run,1,0,0,8
kernel_run,2,270,5,8
kernel_run,2,276,6,8
kernel_run,2,302,7,8
kernel_run,2,290,1,8
kernel_run,2,298,3,8
kernel_run,2,288,0,8
kernel_run,2,294,2,8
kernel_run,2,299,4,8
kernel_run,3,675,1,8
kernel_run,3,705,6,8
kernel_run,3,697,3,8
kernel_run,3,708,7,8
kernel_run,3,725,5,8
kernel_run,3,704,2,8
kernel_run,3,712,0,8
kernel_run,3,704,4,8
kernel_run,4,18,7,8
kernel_run,4,1,0,8
kkernel_run,5,0,5,8
kernel_run,5,0,2,8
kernel_run,5,0,3,8
kernel_run,6,2,6,8
kernel_run,6,2,2,8
kernel_run,7,1,6,8
kernel_run,7,1,7,8
kernel_run,7,1,1,8
kernel_run,7,1,0,8
kernel_run,8,5,6,8
kernel_run,8,5,7,8
iteration_run,41,2
                                             iteration_run,41,2088,2,8
kernel_run,8,5,3,8
       iteration_io,41,3,2,8
iteration_run,41,2093,3,8
iteration_io,41,4,0,8
iteration_io,41,5,3,8
kernel_run,0,946,0,8
kernel_run,1,0,0,8
kernel_run,0,961,6,8
kernel_run,1,0,6,8
kernel_run,0,967,1,8
kernel_run,1,0,1,8
kernel_run,0,983,7,8
kernel_run,0,983,2,8
kernel_run,1,0,7,8
kernel_run,1,0,2,8
kernel_run,0,987,3,8
kernel_run,1,0,3,8
kernel_run,0,995,5,8
kernel_run,0,993,4,8
kernel_run,1,0,5,8
kernel_run,1,0,4,8
kernel_run,2,210,2,8
kernel_run,2,227,1,8
kernel_run,2,247,0,8
kernel_run,2,228,7,8
kernel_run,2,228,3,8
kernel_run,2,225,5,8
kernel_run,2,427,6,8
kernel_run,2,388,4,8
kernel_run,3,676,5,8
kernel_run,3,694,7,8
kernel_run,3,711,0,8
kernel_run,3,696,3,8
kernel_run,3,728,1,8
kernel_run,3,739,2,8
kernel_run,3,551,4,8
kernel_run,3,553,6,8
kernel_run,4,0,6,8
kernel_run,4,39,5,8kkernel_run,5,0,4,8
kkernel_run,5,0,5,8kkernel_run,5,0,1,8
kernel_run,6,2,4,8
kernel_run,6,2,2,8
kernel_run,6,2,3,8
kernel_run,7,1,6,8
kernel_run,6,3,1,8
kernel_run,7,1,7,8
kernel_run,7,1,0,8
kernel_run,7,1,1,8
kernel_run,8,5,2,8
kernel_run,8,5,4,8
iteration_run,42,1970,2,8
kernel_run,8,5,3,8
69,4,8
kernel_run,8,5,5,8
iteiteration_run,42,19iteration_run,42,1977,7iteration_run,42,1976,1,8
iteration_io,42,3,0,8
iteration_io,42,4,7,8
iteration_io,42,4,1,8
kernel_run,0,958,1,8
kernel_run,1,0,1,8
kernel_run,0,977,0,8
kernel_run,1,0,0,8
kernel_run,0,984,7,8
kernel_run,1,0,7,8
kernel_run,0,1000,2,8
kernel_run,1,0,2,8
kernel_run,0,1087,4,8
kernel_run,0,1086,3,8
kernel_run,1,0,4,8
kernel_run,1,0,3,8
kernel_run,0,1099,6,8
kernel_run,1,0,6,8
kernel_run,0,1112,5,8
kernel_run,1,0,5,8
kernel_run,2,288,0,8
kernel_run,2,284,7,8
kernel_run,2,295,2,8
kernel_run,2,320,1,8
kernel_run,2,218,4,8
kernel_run,2,214,6,8
kernel_run,2,226,3,8
kernel_run,2,205,5,8
kernel_run,3,514,7,8
kernel_run,3,589,0,8
kernel_run,3,579,1,8
kernel_run,3,610,2,8
kernel_run,3,607,3,8
kernel_run,3,613,5,8
kernel_run,3,631,4,8
kernel_run,4,1,6,8
kernel_run,4,0,4,8
8kkernel_run,5,0,6,8
kernel_run,5,0,4,8
kernel_run,5,0,7,8
kernel_run,6,3,0,8
kernel_run,6,2,2,8
kernel_run,6,2,6,8
kernel_run,6,2,4,8
kernel_run,6,3,1,8
kernel_run,7,1,6,8
kernel_run,7,1,3,8
kernel_run,7,1,1,8
kernel_run,8,5,0,8
kernel_run,8,5,5,8
68,0,8
kernel_run,8,5,6,8
kernel_run,8,5,2,8
iteration_run,43,1969,5,8
kernel_run,8,5,4,8
78,2,8
iteration_io,43,2,5iteiteration_run,43,1979,4iteration_run,43,1978,3,8
iteration_io,43,4,4,8
iteration_io,43,4,3,8
iteration_io,43,5,7,8
kernel_run,0,926,7,8
kernel_run,1,0,7,8
kernel_run,0,944,2,8
kernel_run,0,941,4,8
kernel_run,0,945,1,8
kernel_run,1,0,2,8
kernel_run,0,954,0,8
kernel_run,1,0,4,8
kernel_run,0,950,5,8
kernel_run,1,0,0,8
kernel_run,1,0,5,8
kernel_run,0,959,6,8
kernel_run,1,0,6,8
kernel_run,2,226,7,8
kernel_run,2,222,0,8
kernel_run,2,230,4,8
kernel_run,2,232,2,8
kernel_run,2,232,1,8
kernel_run,2,233,5,8
kernel_run,2,236,3,8
kernel_run,3,589,7,8
kernel_run,3,581,2,8
kernel_run,3,581,5,8
kernel_run,3,580,3,8
kernel_run,3,607,4,8
kernel_run,3,602,1,8
kernel_run,3,612,6,8
kernel_run,3,617,0,8
kernel_run,4,32,2,8kernel_run,4,0,0,8
kekernel_run,4,46,7,8kernel_run,5,0,0,8
kkernel_run,5,0,7,8
kernel_run,6,3,1,8
kernel_run,6,2,4,8
kernel_run,7,1,2,8
kernel_run,6,3,0,8
kernel_run,7,1,3,8
kernel_run,7,1,1,8
kernel_run,7,1,6,8
kernel_run,7,1,5,8
kernel_run,7,1,7,8
kernel_run,8,5,2,8
iteration_run,44,1823,2,8
kernel_run,8,5,3,8
iteration_io,44,1,2keriteration_run,44,1821,3,8
run,44,1827,1,8
kernel_run,8,5,0,8
iteration_io,44,2,1,8
6,8
iteration_run,44,1827,iteriteration_io,44,4,6,8
iteration_io,44,4,7,8
kernel_run,0,1036,5,8
kernel_run,1,0,5,8
kernel_run,0,1064,4,8
kernel_run,1,0,4,8
kernel_run,0,1062,0,8
kernel_run,0,1070,1,8
kernel_run,1,0,0,8
kernel_run,1,0,1,8
kernel_run,0,1075,3,8
kernel_run,1,0,3,8
kernel_run,0,1071,7,8
kernel_run,1,0,7,8
kernel_run,0,1091,2,8
kernel_run,0,1083,6,8
kernel_run,1,0,2,8
kernel_run,1,0,6,8
kernel_run,2,260,7,8
kernel_run,2,302,5,8
kernel_run,2,277,1,8
kernel_run,2,279,0,8
kernel_run,2,298,3,8
kernel_run,2,288,2,8
kernel_run,2,289,6,8
kernel_run,3,697,7,8
kernel_run,3,700,5,8
kernel_run,3,711,0,8
kernel_run,3,715,4,8
kernel_run,3,690,6,8
kernel_run,3,729,1,8
kernel_run,3,710,3,8
kernel_run,3,719,2,8
kernel_run,4,9,3,8
kernel_run,4,0,2,8

kernel_run,4,32,0,8
kernel_run,5,0,3,8
kernel_run,5,0,5,8
kernel_run,6,2,7,8
kernel_run,6,2,4,8
kernel_run,6,2,2,8
kernel_run,6,2,5,8
kernel_run,7,1,7,8
kernel_run,7,1,4,8
kernel_run,7,1,6,8
kernel_run,7,1,1,8
kernel_run,7,1,5,8
kernel_run,7,1,0,8
kernel_run,8,5,7,8
kernel_run,8,5,3,8
iteration_run,45,2124,7,8
kernel_run,8,5,1,8
kernel_run,8,5,6,8
33,3,8
iteration_io,45,2,7,8
1,8
iteration_run,45,21iteiteriteration_run,4iteration_riteration_io,45,4,4,8
iteration_io,45,3,5,8
iteration_io,45,4,0,8
kernel_run,0,938,5,8
kernel_run,1,0,5,8
kernel_run,0,948,3,8
kernel_run,1,0,3,8
kernel_run,0,957,4,8
kernel_run,0,957,0,8
kernel_run,1,0,4,8
kernel_run,1,0,0,8
kernel_run,0,966,1,8
kernel_run,0,965,2,8
kernel_run,1,0,1,8
kernel_run,0,968,6,8
kernel_run,0,974,7,8
kernel_run,1,0,6,8
kernel_run,1,0,7,8
kernel_run,2,222,3,8
kernel_run,2,224,1,8
kernel_run,2,235,4,8
kernel_run,2,226,6,8
kernel_run,2,228,2,8
kernel_run,2,237,0,8
kernel_run,2,262,5,8
kernel_run,3,564,1,8
kernel_run,3,590,3,8
kernel_run,3,566,0,8
kernel_run,3,581,4,8
kernel_run,3,598,6,8
kernel_run,3,599,2,8
kernel_run,3,591,5,8
kernel_run,3,596,7,8
kernel_run,4,7,6,8
kernel_run,4,0,7,8
kkernel_run,5,0,6,8

kernel_run,5,0,2,8
kernel_run,5,0,5,8
kernel_run,6,3,0,8
kernel_run,6,2,4,8
kernel_run,6,3,1,8
kernel_run,6,2,5,8
kernel_run,7,1,2,8
kernel_run,7,1,1,8
kernel_run,7,1,7,8
kernel_run,7,1,5,8
kernel_run,8,5,0,8
kernel_run,8,5,6,8
iteration_run,46,1835,0,8
kernel_run,8,5,1,8
iteration_run,46,1837,6,8
iteration_io,46,2,0iteration_io,46,2,2,8
4,8
iteration_io,46,3,6,8
3,8
iteration_run,46,1852,iteration_io,46,6,5,8
1,8
iteration_io,46,4,7,8
kernel_run,0,979,1,8
kernel_run,0,979,7,8
kernel_run,1,0,1,8
kernel_run,0,983,5,8
kernel_run,1,0,7,8
kernel_run,1,0,5,8
kernel_run,0,995,2,8
kernel_run,0,993,3,8
kernel_run,1,0,2,8
kernel_run,1,0,3,8
kernel_run,0,1003,6,8
kernel_run,1,0,6,8
kernel_run,0,1014,4,8
kernel_run,0,1021,0,8
kernel_run,1,0,0,8
kernel_run,2,225,1,8
kernel_run,2,230,5,8
kernel_run,2,242,3,8
kernel_run,2,246,2,8
kernel_run,2,225,4,8
kernel_run,2,237,6,8
kernel_run,2,223,0,8
kernel_run,2,261,7,8
kernel_run,3,572,1,8
kernel_run,3,583,0,8
kernel_run,3,597,6,8
kernel_run,3,630,5,8
kernel_run,3,618,2,8
kernel_run,3,619,4,8
kernel_run,3,615,7,8
kernel_run,3,624,3,8
kernel_run,4,37,0,8kkernel_run,4,1,7,8kekernel_run,5,0,2,8
kernel_run,5,0,3,8
kernel_run,5,0,5,8
kernel_run,6,3,0,8
kernel_run,6,2,6,8
kernel_run,6,3,1,8
kernel_run,6,2,7,8
kernel_run,7,1,2,8
kernel_run,7,1,4,8
kernel_run,7,1,3,8
kernel_run,8,5,0,8
kernel_run,8,5,4,8
kernel_run,8,5,1,8
98,6,8
kernel_run,8,5,7,8
iteratiiteration_io,47,2,6iteratiiteration_run,47,18iteiteration_io,47,5,1iteration_io,47,5,3,8
,5,7,8
iteration_io,47,5,5,8
kernel_run,0,936,4,8
kernel_run,1,0,4,8
kernel_run,0,953,7,8
kernel_run,1,0,7,8
kernel_run,0,971,2,8
kernel_run,0,974,0,8
kernel_run,0,982,6,8
kernel_run,0,986,5,8
kernel_run,1,0,2,8
kernel_run,1,0,0,8
kernel_run,0,1011,3,8
kernel_run,1,0,3,8
kernel_run,0,1090,1,8
kernel_run,1,0,1,8
kernel_run,2,316,4,8
kernel_run,2,254,0,8
kernel_run,2,300,7,8
kernel_run,2,283,2,8
kernel_run,2,286,5,8
kernel_run,2,278,3,8
kernel_run,2,294,6,8
kernel_run,3,580,0,8
kernel_run,3,598,4,8
kernel_run,3,603,7,8
kernel_run,3,596,5,8
kernel_run,3,585,1,8
kernel_run,3,622,2,8
kernel_run,3,615,3,8
kernel_run,3,606,6,8
kernel_run,4,4,2,8

kernel_run,4,1,3,8

kernel_run,5,0,2,8

kernel_run,5,0,6,8
kernel_run,5,0,3,8
kernel_run,6,2,7,8
kernel_run,6,2,4,8
kernel_run,6,3,0,8
kernel_run,6,2,5,8
kernel_run,7,1,7,8
kernel_run,7,1,4,8
kernel_run,7,1,0,8
kernel_run,7,1,2,8
kernel_run,7,1,1,8
kernel_run,7,1,3,8
kernel_run,8,5,7,8
kernel_run,8,5,4,8
iteration_run,48,1939,7,8
kernel_run,8,5,6,8
44,4,8
kernel_run,8,5,0,8
iteration_io,48,2,7kernel_run,8,5,3,8
iteiteration_run,48,1944,5iteiteration_run,48,1947,3iteration_io,48,4,0,8
iteration_io,48,4,2,8
iteration_io,48,4,3,8
kernel_run,0,1009,3,8
kernel_run,0,1013,2,8
kernel_run,1,0,3,8
kernel_run,1,0,2,8
kernel_run,0,1053,1,8
kernel_run,1,0,1,8
kernel_run,0,1059,5,8
kernel_run,0,1065,4,8
kernel_run,1,0,5,8
kernel_run,1,0,6,8
kernel_run,1,0,4,8
,8
kernel_run,1,0,0,8
kernel_run,2,248,1,8
kernel_run,2,292,3,8
kernel_run,2,295,7,8
kernel_run,2,307,2,8
kernel_run,2,269,4,8
kernel_run,2,272,6,8
kernel_run,2,275,5,8
kernel_run,3,679,1,8
kernel_run,3,703,7,8
kernel_run,3,709,3,8
kernel_run,3,700,5,8
kernel_run,3,711,4,8
kernel_run,3,718,6,8
kernel_run,3,718,0,8
kernel_run,3,726,2,8
kernel_run,4,32,3,8
kernel_run,4,0,2,8
kkernel_run,5,0,3,8
kkernel_run,5,0,2,8kkernel_run,5,0,4,8
kernel_run,6,3,3,8
kernel_run,6,2,7,8
kernel_run,6,3,0,8
kernel_run,6,3,1,8
kernel_run,7,1,2,8
kernel_run,7,1,4,8
kernel_run,7,1,1,8
kernel_run,8,5,3,8
kernel_run,8,5,5,8
87,3,8
kernel_run,8,5,2,8
iteration_io,49,1,3,8
nel_run,8,5,6,8
94,5,8
iteration_run,49,20iteratiiteration_io,49,3,5iteratiiteration_run,49,21iteration_io,49,3,0,8
iteration_io,49,3,1,8
iteration_io,49,4,4,8
kernel_run,0,910,4,8
kernel_run,1,0,4,8
kernel_run,0,923,3,8
kernel_run,1,0,3,8
kernel_run,0,947,5,8
kernel_run,1,0,5,8
kernel_run,0,975,2,8
kernel_run,0,983,0,8
kernel_run,0,1001,1,8
kernel_run,1,0,2,8
,8
kernel_run,1,0,6,8
kernel_run,1,0,7,8
kernel_run,1,0,0,8
kernel_run,2,468,4,8
kernel_run,2,480,3,8
kernel_run,2,220,6,8
kernel_run,2,466,5,8
kernel_run,2,246,2,8
kernel_run,2,245,0,8
kernel_run,2,255,7,8
kernel_run,3,570,5,8
kernel_run,3,729,1,8
kernel_run,3,760,6,8
kernel_run,3,782,4,8
kernel_run,3,789,3,8
kernel_run,3,749,7,8
kernel_run,3,766,2,8
kernel_run,3,768,0,8
kernel_run,4,3,2,8

kernel_run,4,8,3,8


kernel_run,5,0,1,8
kkernel_run,5,0,0,8kernel_run,5,0,3,8

kernel_run,5,0,5,8
kernel_run,6,3,1,8
kernel_run,6,3,0,8
kernel_run,6,2,3,8
kernel_run,7,1,2,8
kernel_run,7,1,1,8
kernel_run,7,1,7,8
kernel_run,7,1,0,8
kernel_run,8,5,6,8
kernel_run,8,5,4,8
iteration_run,50,2228,6,8
kernel_run,8,5,2,8
iteration_run,50,2228,4,8
kernel_run,8,5,7,8
iteration_io,50,2,6iteration_io,50,2,4,8
2,8
kernel_run,8,5,3,8
iteration_run,50,2239,5,8
iteration_io,50,3,2,8
0,8
iteration_io,50,4,1,8
3,8
ation_io,50,4,5,8
iteration_io,50,5,0,8
kernel_run,0,1065,4,8
kernel_run,1,0,4,8
kernel_run,0,1104,5,8
kernel_run,1,0,5,8
kernel_run,0,1104,3,8
kernel_run,1,0,3,8
kernel_run,0,1131,6,8
kernel_run,1,0,6,8
kernel_run,0,1134,2,8
kernel_run,1,0,2,8
kernel_run,0,1134,0,8
kernel_run,1,0,0,8
kernel_run,0,1145,1,8
kernel_run,1,0,1,8
kernel_run,0,1154,7,8
kernel_run,1,0,7,8
kernel_run,2,223,3,8
kernel_run,2,240,5,8
kernel_run,2,286,4,8
kernel_run,2,223,6,8
kernel_run,2,217,2,8
kernel_run,2,214,7,8
kernel_run,2,222,1,8
kernel_run,2,238,0,8
kernel_run,3,583,6,8
kernel_run,3,599,5,8
kernel_run,3,623,3,8
kernel_run,3,603,1,8
kernel_run,3,597,0,8
kernel_run,3,635,4,8
kernel_run,3,627,7,8
kernel_run,4,15,2,8
kernel_run,4,42,3,8
kernel_run,5,0,2,8

kernel_run,5,0,7,8
kernel_run,5,0,1,8
kernel_run,6,2,6,8
kernel_run,6,2,4,8
kernel_run,6,2,2,8
kernel_run,6,2,5,8
kernel_run,7,1,6,8
kernel_run,7,1,2,8
kernel_run,6,4,1,8
kernel_run,7,1,5,8
kernel_run,7,1,0,8
kernel_run,7,1,1,8
kernel_run,8,5,4,8
kernel_run,8,5,2,8
iteration_run,51,2034,4,8
kernel_run,8,5,7,8
iteration_run,51,20iteratiiteration_ruiteiteration_riteration_ioiteration_run,51,2035,1,8
4,3,8
iteration_io,51,5,0,8
iteration_io,51,5,1,8
kernel_run,0,969,1,8
kernel_run,1,0,1,8
8
kernel_run,1,0,3,8
kernel_run,0,980,7,8
kernel_run,1,0,7,8
kernel_run,0,990,4,8
kernel_run,0,988,2,8
kernel_run,0,986,0,8
kernel_run,1,0,2,8
kernel_run,0,994,6,8
kernel_run,1,0,0,8
kernel_run,0,991,5,8
kernel_run,1,0,6,8
kernel_run,1,0,5,8
kernel_run,2,261,0,8
kernel_run,2,280,1,8
kernel_run,2,281,3,8
kernel_run,2,283,7,8
kernel_run,2,275,6,8
kernel_run,2,281,4,8
kernel_run,2,282,2,8
kernel_run,2,291,5,8
kernel_run,3,695,3,8
kernel_run,3,712,1,8
kernel_run,3,700,4,8
kernel_run,3,720,2,8
kernel_run,3,746,0,8
kernel_run,3,736,6,8
kernel_run,3,727,5,8
kernel_run,3,754,7,8
kernel_run,4,49,4,8
kernel_run,4,5,5,8

kernel_run,5,0,4,8

kernel_run,5,0,7,8
kernel_run,5,0,3,8
kernel_run,6,2,6,8
kernel_run,6,2,4,8
kernel_run,6,2,2,8
kernel_run,6,2,5,8
kernel_run,6,2,3,8
kernel_run,7,1,4,8
kernel_run,7,1,1,8
                   kernel_run,7,1,0,8
kernel_run,7,1,3,8
kernel_run,8,5,6,8
kernel_run,8,5,4,8
iteration_run,52,2055,6,8
kernel_run,8,5,7,8
iteration_io,52,2,6iteratiiteration_run,52,20iteratiiteration_run,52,20iteiteriteration_io,52,6,1,8
iteration_io,52,5,0,8
kernel_run,0,996,6,8
kernel_run,1,0,6,8
kernel_run,0,997,4,8
kernel_run,1,0,4,8
kernel_run,0,998,0,8
kernel_run,0,1000,1,8
kernel_run,1,0,0,8
kernel_run,0,1004,5,8
kernel_run,1,0,5,8
kernel_run,0,1012,7,8
kernel_run,1,0,7,8
kernel_run,0,1026,2,8
kernel_run,1,0,2,8
kernel_run,2,217,3,8
kernel_run,2,220,5,8
kernel_run,2,226,1,8
kernel_run,2,232,0,8
kernel_run,2,247,6,8
kernel_run,2,241,4,8
kernel_run,2,230,7,8
kernel_run,2,219,2,8
kernel_run,3,555,1,8
kernel_run,3,570,5,8
kernel_run,3,601,3,8
kernel_run,3,581,4,8
kernel_run,3,591,6,8
kernel_run,3,589,7,8
kernel_run,3,595,2,8
kernel_run,3,611,0,8
kernel_run,4,25,4,8
kernel_run,4,31,3,8
kernel_run,5,0,2,8

kernel_run,5,0,6,8
kernel_run,5,0,5,8
kernel_run,5,0,7,8
kernel_run,5,0,3,8
kernel_run,6,2,5,8
kernel_run,6,2,4,8
kernel_run,6,2,2,8
kernel_run,7,1,5,8
kernel_run,7,1,6,8
kernel_run,7,1,4,8
kernel_run,7,1,7,8
kernel_run,7,1,3,8
kernel_run,8,5,5,8
kernel_run,8,5,1,8
iteration_run,53,1877,5,8
kernel_run,8,5,4,8
iteration_run,53,1878,1,8
iteration_io,53,2,5iteration_run,53,1882,2,8
iteiteration_run,53,1883,3iteiteration_io,53,6,2,8
iteration_io,53,4,7,8
iteration_io,53,7,3,8
kernel_run,0,1176,3,8
kernel_run,1,0,7,8
kernel_run,1,0,3,8
kernel_run,0,1208,4,8
kernel_run,0,1211,6,8
kernel_run,1,0,4,8
kernel_run,1,0,6,8
kernel_run,0,1218,1,8
kernel_run,0,1213,0,8
kernel_run,1,0,1,8
,8
kernel_run,1,0,0,8
kernel_run,1,0,5,8
kernel_run,0,1240,2,8
kernel_run,1,0,2,8
kernel_run,2,223,4,8
kernel_run,2,221,1,8
kernel_run,2,222,5,8
kernel_run,2,264,7,8
kernel_run,2,241,6,8
kernel_run,2,272,3,8
kernel_run,2,237,0,8
kernel_run,2,216,2,8
kernel_run,3,609,0,8
kernel_run,3,635,4,8
kernel_run,3,630,5,8
kernel_run,3,645,3,8
kernel_run,3,649,6,8
kernel_run,3,650,2,8
kernel_run,3,667,7,8
kernel_run,4,43,4,8kernel_run,4,12,3,8
kkernel_run,5,0,4,8
kernel_run,5,0,0,8
kernel_run,5,0,5,8
kernel_run,6,2,6,8
kernel_run,6,3,0,8
kernel_run,6,2,4,8
kernel_run,6,2,7,8
kernel_run,7,1,6,8
kernel_run,7,1,2,8
kernel_run,7,1,7,8
kernel_run,7,1,1,8
kernel_run,7,1,3,8
kernel_run,8,5,6,8
kernel_run,8,5,0,8
iteration_run,54,2144,6,8
kernel_run,8,5,7,8
kernel_run,8,5,1,8
iteration_io,54,2,6iteratiiteration_run,54,2149,4,8
iteration_run,54,2146,iteriteration_io,54,7,2,8
iteration_io,54,9,3,8
kernel_run,0,1079,7,8
kernel_run,1,0,7,8
kernel_run,0,1109,1,8
kernel_run,0,1113,0,8
kernel_run,1,0,1,8
kernel_run,1,0,0,8
kernel_run,0,1142,6,8
kernel_run,1,0,6,8
kernel_run,0,1147,5,8
kernel_run,1,0,5,8
kernel_run,0,1154,3,8
kernel_run,0,1159,2,8
kernel_run,1,0,3,8
kernel_run,1,0,2,8
kernel_run,2,290,7,8
kernel_run,2,287,0,8
kernel_run,2,249,5,8
kernel_run,2,231,3,8
kernel_run,2,276,6,8
kernel_run,2,248,4,8
kernel_run,3,603,7,8
kernel_run,3,602,0,8
kernel_run,3,716,1,8
kernel_run,3,739,2,8
kernel_run,3,738,3,8
kernel_run,3,745,5,8
kernel_run,3,733,6,8
kernel_run,4,152,7,8
kernel_run,4,0,6,8


ernel_run,4,3,5,8
kernel_run,5,0,7,8
kkernel_run,5,0,0,8
ernel_run,5,0,6,8
kernel_run,5,0,1,8
kernel_run,6,2,4,8
kernel_run,6,2,2,8
kernel_run,6,2,7,8
kernel_run,6,2,5,8
kernel_run,7,1,4,8
kernel_run,7,1,2,8
kernel_run,6,3,1,8
kernel_run,7,1,6,8
kernel_run,7,1,0,8
kernel_run,6,2,3,8
kernel_run,7,1,1,8
kernel_run,8,5,2,8
kernel_run,8,5,7,8
kernel_run,8,5,5,8
iteration_run,55,21iteratiiteration_run,55,21iteratiiteration_ioiteration_run,55,2190,iteration_io,55,4,5,8
iteration_io,55,4,6iteration_io,55,4,0,8
87,3,8
iteration_io,55,4,1,8
kernel_run,0,1034,0,8
kernel_run,1,0,0,8
kernel_run,0,1057,4,8
kernel_run,1,0,4,8
kernel_run,0,1068,7,8
kernel_run,0,1065,3,8
kernel_run,1,0,7,8
kernel_run,1,0,3,8
kernel_run,0,1106,2,8
kernel_run,1,0,6,8
kernel_run,1,0,2,8
kernel_run,0,1241,5,8
kernel_run,1,0,5,8
kernel_run,0,1240,1,8
kernel_run,1,0,1,8
kernel_run,2,389,7,8
kernel_run,2,422,0,8
kernel_run,2,415,3,8
kernel_run,2,430,4,8
kernel_run,2,383,6,8
kernel_run,2,387,2,8
kernel_run,2,257,5,8
kernel_run,3,715,3,8
kernel_run,3,726,2,8
kernel_run,3,734,4,8
kernel_run,3,736,6,8
kernel_run,3,782,7,8
kernel_run,3,739,1,8
kernel_run,3,741,5,8
kernel_run,4,20,4,8
kernel_run,4,0,5,8

kernel_run,5,0,4,8
kkernel_run,5,0,2,8kkernel_run,5,0,3,8
kernel_run,6,2,4,8
kernel_run,6,2,2,8
kernel_run,6,3,0,8
kernel_run,7,1,6,8
kernel_run,6,3,1,8
kernel_run,7,1,5,8
kernel_run,7,1,3,8
kernel_run,7,1,1,8
kernel_run,8,5,4,8
kernel_run,8,5,2,8
iteration_run,56,2273,6,8
kernel_run,8,5,7,8
iteration_run,56,22iteratiiteration_run,56,22iteration_run,56,2281,7,8
iteiteration_io,56,5,5iteriteration_io,56,5,0,8
iteration_io,56,5,1,8
kernel_run,0,936,4,8
kernel_run,1,0,4,8
kernel_run,0,959,1,8
kernel_run,1,0,1,8
kernel_run,0,976,0,8
kernel_run,0,978,7,8
kernel_run,0,984,6,8
kernel_run,1,0,0,8
kernel_run,1,0,5,8
kernel_run,1,0,6,8
kernel_run,0,986,3,8
kernel_run,1,0,3,8
kernel_run,0,992,2,8
kernel_run,1,0,2,8
kernel_run,2,237,1,8
kernel_run,2,280,4,8
kernel_run,2,239,6,8
kernel_run,2,242,2,8
kernel_run,2,255,0,8
kernel_run,2,445,5,8
kernel_run,2,448,3,8
kernel_run,3,717,6,8
kernel_run,3,731,7,8
kernel_run,3,714,0,8
kernel_run,3,742,1,8
kernel_run,3,555,5,8
kernel_run,3,748,2,8
kernel_run,3,784,4,8
kernel_run,3,575,3,8
kernel_run,4,57,0,8
kernel_run,4,53,1,8kkernel_run,5,0,6,8
kernel_run,5,0,3,8
kernel_run,5,0,7,8
kernel_run,6,2,2,8
kernel_run,6,2,4,8
kernel_run,6,2,3,8
kernel_run,6,3,0,8
kernel_run,7,1,2,8
kernel_run,6,3,1,8
kernel_run,7,1,5,8
kernel_run,7,1,7,8
kernel_run,7,1,1,8
kernel_run,8,5,2,8
kernel_run,8,5,4,8
iteration_run,57,2045,2,8
kernel_run,8,5,6,8
47,4,8
kernel_run,8,5,3,8
iteration_io,57,2,2iteration_io,57,2,4,8
ration_run,57,2051,6,8
iteration_run,57,20iteration_run,57,2049,5,8
50,7,8
iteration_run,57,2048,iteration_io,57,2,7,8
iteration_io,57,4,0,8
iteration_io,57,4,1,8
kernel_run,0,964,4,8
kernel_run,1,0,4,8
kernel_run,0,974,6,8
kernel_run,0,980,2,8
kernel_run,0,972,1,8
kernel_run,0,974,0,8
kernel_run,1,0,1,8
kernel_run,0,979,5,8
kernel_run,1,0,0,8
kernel_run,0,982,3,8
kernel_run,1,0,5,8
kernel_run,1,0,3,8
kernel_run,0,987,7,8
kernel_run,1,0,7,8
kernel_run,2,233,6,8
kernel_run,2,242,5,8
kernel_run,2,251,1,8
kernel_run,2,254,2,8
kernel_run,2,272,4,8
kernel_run,2,257,0,8
kernel_run,2,254,3,8
kernel_run,2,249,7,8
kernel_run,3,600,5,8
kernel_run,3,637,1,8
kernel_run,3,644,2,8
kernel_run,3,639,0,8
kernel_run,3,659,3,8
kernel_run,3,843,4,8
kernel_run,3,871,6,8
kernel_run,4,200,7,8
kernel_run,4,0,6,8
8
kernel_run,4,203,2,8
kernel_run,5,0,6,8
kernel_run,5,0,5,8
kernel_run,6,2,6,8
kernel_run,6,2,4,8
kernel_run,6,2,7,8
kernel_run,7,1,3,8
kernel_run,7,1,6,8
kernel_run,6,2,2,8
kernel_run,7,1,1,8
kernel_run,7,1,0,8
kernel_run,7,1,2,8
kernel_run,8,5,3,8
kernel_run,8,5,6,8
kernel_run,8,5,4,8
11,3,8
kernel_run,8,5,1,8
iteration_run,58,2113,iteriteration_run,5iteration_riteration_io,58,5,6,8
5,8
iteration_io,58,5,7,8
0,8
iteration_io,58,5,1,8
iteration_io,58,4,0,8
kernel_run,0,979,3,8
kernel_run,1,0,3,8
kernel_run,0,976,1,8
kernel_run,0,979,5,8
kernel_run,0,982,7,8
kernel_run,1,0,1,8
kernel_run,1,0,5,8
kernel_run,1,0,7,8
kernel_run,0,985,0,8
kernel_run,0,999,6,8
kernel_run,1,0,0,8
kernel_run,1,0,6,8
kernel_run,0,1004,4,8
kernel_run,0,1007,2,8
kernel_run,1,0,4,8
kernel_run,1,0,2,8
kernel_run,2,245,3,8
kernel_run,2,242,5,8
kernel_run,2,243,7,8
kernel_run,2,237,4,8
kernel_run,2,243,6,8
kernel_run,3,573,3,8
kernel_run,3,603,1,8
kernel_run,3,603,5,8
kernel_run,3,610,0,8
kernel_run,3,643,7,8
kernel_run,3,635,4,8
kernel_run,3,637,2,8
kernel_run,3,639,6,8
kernel_run,4,10,7,8
kernel_run,4,0,6,8

kernel_run,4,84,3,8kkernel_run,5,0,0,8kkernel_run,5,0,1,8
kernel_run,6,2,7,8
kernel_run,6,2,2,8
kernel_run,6,2,4,8
kernel_run,7,1,5,8
kernel_run,7,1,7,8
kernel_run,7,1,2,8
kernel_run,7,1,0,8
kernel_run,7,1,1,8
kernel_run,8,5,0,8
kernel_run,8,5,1,8
16,7,8
kernel_run,8,5,6,8
iteration_io,59,3,7,8
5,8
iteration_run,59,1921,4,8
iteration_io,59,5,5,8
iteration_io,59,6,4,8
kernel_run,0,1008,0,8
kernel_run,1,0,0,8
kernel_run,0,1021,2,8
kernel_run,0,1019,4,8
kernel_run,1,0,2,8
kernel_run,1,0,4,8
kernel_run,0,1026,1,8
kernel_run,0,1029,6,8
kernel_run,0,1036,7,8
kernel_run,1,0,6,8
                   kernel_run,1,0,7,8
kernel_run,0,1045,5,8
kernel_run,1,0,5,8
kernel_run,2,253,4,8
kernel_run,2,308,0,8
kernel_run,2,299,2,8
kernel_run,2,290,7,8
kernel_run,2,293,6,8
kernel_run,2,296,1,8
kernel_run,2,286,5,8
kernel_run,3,677,3,8
kernel_run,3,700,0,8
kernel_run,3,702,6,8
kernel_run,3,726,2,8
kernel_run,3,770,4,8
kernel_run,3,728,7,8
kernel_run,3,726,1,8
kernel_run,4,37,0,8kkernel_run,4,0,1,8
kernel_run,5,0,0,8
kernel_run,5,0,1,8
kernel_run,5,0,7,8
kernel_run,6,2,5,8
kernel_run,6,2,3,8
kernel_run,6,3,0,8
kernel_run,6,3,6,8
kernel_run,7,1,5,8
kernel_run,7,1,3,8
kernel_run,7,1,0,8
kernel_run,7,1,2,8
kernel_run,7,1,7,8
kernel_run,8,5,5,8
kernel_run,8,5,0,8
kernel_run,8,5,3,8
iteration_run,60,2088,5,8
on_run,60,2090,0,8
kernel_run,8,5,2,8
iteration_run,60,20iteratiiteration_run,60,20iteratiiteration_io,60,6,3,8
iteration_io,60,5,2iteration_io,60,5,7,8
kernel_run,0,954,3,8
kernel_run,1,0,3,8
kernel_run,0,972,1,8
kernel_run,0,980,5,8
kernel_run,0,979,4,8
kernel_run,1,0,5,8
8
kernel_run,1,0,4,8
8
kernel_run,1,0,7,8
8
kernel_run,1,0,6,8
kernel_run,1,0,0,8
kernel_run,0,988,2,8
kernel_run,1,0,2,8
kernel_run,2,229,3,8
kernel_run,2,230,1,8
kernel_run,2,231,5,8
kernel_run,2,234,7,8
kernel_run,2,242,4,8
kernel_run,2,241,0,8
kernel_run,2,245,2,8
kernel_run,2,252,6,8
kernel_run,3,610,5,8
kernel_run,3,619,1,8
kernel_run,3,656,3,8
kernel_run,3,611,6,8
kernel_run,3,647,4,8
kernel_run,3,643,2,8
kernel_run,3,757,0,8
kernel_run,3,780,7,8
kernel_run,4,127,4,8
kernel_run,4,167,5,8
kernel_run,5,0,4,8
kekernel_run,5,0,5,8
kernel_run,5,0,3,8
kernel_run,6,2,4,8
kernel_run,6,2,7,8
kernel_run,6,2,2,8
kernel_run,7,1,4,8
kernel_run,6,2,3,8
kernel_run,7,1,5,8
kernel_run,7,1,1,8
kernel_run,7,1,3,8
iteration_run,61,2030,6,8
iteration_run,61,2030,7,8
run,8,5,5,8
iteration_io,61,4,6,8
4,8
iteration_run,61,2041,5,8
on_io,61,2,0iteiteration_run,61,2040,1iteration_io,61,6,5,8
3,8
iteration_io,61,4,2,8
iteration_io,61,4,3,8
kernel_run,0,1219,0,8
kernel_run,0,1216,5,8
kernel_run,1,0,0,8
kernel_run,1,0,5,8
kernel_run,0,1222,3,8
kernel_run,1,0,3,8
kernel_run,0,1232,7,8
kernel_run,0,1231,1,8
kernel_run,1,0,1,8
kernel_run,0,1237,4,8
kernel_run,0,1236,2,8
kernel_run,1,0,4,8
kernel_run,1,0,2,8
kernel_run,0,1258,6,8
kernel_run,1,0,6,8
kernel_run,2,226,1,8
kernel_run,2,216,6,8
kernel_run,2,240,7,8
kernel_run,2,247,3,8
kernel_run,2,261,5,8
kernel_run,2,272,0,8
kernel_run,2,252,4,8
kernel_run,3,543,1,8
kernel_run,3,603,3,8
kernel_run,3,607,7,8
kernel_run,3,617,5,8
kernel_run,3,614,2,8
kernel_run,3,616,4,8
kernel_run,3,623,0,8
kernel_run,3,647,6,8
kernel_run,4,13,2,8
kernel_run,4,40,3,8

rnel_run,4,18,5,8
kernel_run,5,0,2,8
kernel_run,5,0,1,8
kernel_run,5,0,3,8
kernel_run,6,2,7,8
kernel_run,6,2,4,8
kernel_run,6,2,2,8
kernel_run,6,3,1,8
kernel_run,6,2,6,8
kernel_run,7,1,5,8
kernel_run,7,1,4,8
kernel_run,7,1,2,8
kernel_run,7,1,1,8
kernel_run,7,1,0,8
kernel_run,8,5,5,8
kernel_run,8,5,7,8
kernel_run,8,5,4,8
iteration_run,62,2152,5,8
on_run,62,2157,7,8
kernel_run,8,5,6,8
iteration_io,62,2,7,8
ratiiteration_io,62,4,5iteration_run,62,2167,6,8
iteration_io,62,7,1,8
iteration_io,62,6,0,8
kernel_run,0,995,0,8
kernel_run,1,0,0,8
kernel_run,0,1003,6,8
kernel_run,1,0,6,8
kernel_run,0,1008,3,8
kernel_run,1,0,3,8
kernel_run,0,1021,5,8
kernel_run,0,1021,4,8
kernel_run,0,1020,2,8
kernel_run,1,0,4,8
kernel_run,0,1027,7,8
kernel_run,1,0,2,8
kernel_run,1,0,7,8
kernel_run,0,1028,1,8
kernel_run,1,0,1,8
kernel_run,2,239,6,8
kernel_run,2,218,1,8
kernel_run,2,238,5,8
kernel_run,2,263,0,8
kernel_run,2,252,3,8
kernel_run,2,238,7,8
kernel_run,2,243,2,8
kernel_run,2,246,4,8
kernel_run,3,591,6,8
kernel_run,3,580,1,8
kernel_run,3,593,5,8
kernel_run,3,602,0,8
kernel_run,3,605,3,8
kernel_run,3,604,2,8
kernel_run,3,607,4,8
kernel_run,3,610,7,8
kernel_run,4,11,0,8
kernel_run,4,37,1,8kernel_run,5,0,6,8
kernel_run,5,0,4,8
kernel_run,5,0,1,8
kernel_run,6,2,5,8
kernel_run,6,2,3,8
kernel_run,7,1,2,8
kernel_run,6,3,7,8
kernel_run,7,1,6,8
kernel_run,7,1,5,8
kernel_run,6,3,1,8
kernel_run,7,1,4,8
kernel_run,7,1,0,8
kernel_run,7,1,1,8
kernel_run,8,5,2,8
kernel_run,8,5,5,8
iteration_run,63,1905,6,8
kernel_run,8,5,7,8
                   iteration_io,63,2,6,8
iteration_riteration_ioiteration_run,iteration_io,63,4,4,8
io,63,3,0,8
iteration_io,63,4,1,8
kernel_run,0,1081,0,8
kernel_run,1,0,0,8
kernel_run,0,1088,4,8
kernel_run,1,0,4,8
kernel_run,0,1141,2,8
kernel_run,1,0,2,8
kernel_run,0,1148,3,8
kernel_run,1,0,3,8
kernel_run,0,1162,6,8
kernel_run,1,0,6,8
kernel_run,0,1172,7,8
kernel_run,1,0,7,8
kernel_run,0,1172,1,8
kernel_run,0,1177,5,8
kernel_run,1,0,1,8
kernel_run,1,0,5,8
kernel_run,2,327,4,8
kernel_run,2,342,0,8
kernel_run,2,309,2,8
kernel_run,2,270,5,8
kernel_run,2,277,7,8
kernel_run,2,296,6,8
kernel_run,2,309,3,8
kernel_run,2,284,1,8
kernel_run,3,726,0,8
kernel_run,3,728,6,8
kernel_run,3,769,4,8
kernel_run,3,740,7,8
kernel_run,3,735,3,8
kernel_run,3,749,2,8
kernel_run,3,738,1,8
kernel_run,3,752,5,8
kernel_run,4,49,0,8
kernel_run,4,1,1,8
kkernel_run,5,0,0,8kekernel_run,5,0,5,8
kernel_run,5,0,3,8
kernel_run,6,2,7,8
kernel_run,6,2,5,8
kernel_run,7,1,4,8
kernel_run,7,1,0,8
kernel_run,6,3,1,8
kernel_run,7,1,2,8
kernel_run,7,1,7,8
kernel_run,7,1,6,8
kernel_run,8,5,4,8
kernel_run,8,5,0,8
iteration_run,64,2249,0,8
kernel_run,8,5,5,8
iteration_run,64,2249,4,8
el_run,8,5,2,8
iteration_run,64,2253,5,8
run,8,5,3,8
iteration_run,64,22iteration_run,64,2255,7,8
55,3,8
iteration_io,64,6,5,8
iteriteration_io,64,6,7,8
iteration_io,64,5,6,8
kernel_run,0,946,6,8
kernel_run,1,0,6,8
kernel_run,0,962,4,8
kernel_run,1,0,4,8
kernel_run,0,964,5,8
kernel_run,0,975,0,8
kernel_run,1,0,5,8
kernel_run,1,0,0,8
kernel_run,0,988,1,8
kernel_run,1,0,1,8
kernel_run,0,995,2,8
kernel_run,0,996,3,8
kernel_run,1,0,2,8
kernel_run,0,997,7,8
kernel_run,1,0,3,8
kernel_run,1,0,7,8
kernel_run,2,245,4,8
kernel_run,2,230,1,8
kernel_run,2,256,5,8
kernel_run,2,229,3,8
kernel_run,2,230,7,8
kernel_run,2,287,6,8
kernel_run,2,274,0,8
kernel_run,2,246,2,8
kernel_run,3,551,1,8
kernel_run,3,574,5,8
kernel_run,3,603,4,8
kernel_run,3,580,0,8
kernel_run,3,609,7,8
kernel_run,3,604,2,8
kernel_run,3,619,3,8
kernel_run,3,609,6,8
kernel_run,4,40,4,8kernel_run,4,3,2,8

kkernel_run,5,0,3,8
kernel_run,5,0,0,8
kernel_run,5,0,1,8
kernel_run,6,2,3,8
kernel_run,6,2,5,8
kernel_run,6,2,6,8
kernel_run,7,1,4,8
kernel_run,7,1,3,8
kernel_run,7,1,6,8
kernel_run,7,1,2,8
kernel_run,7,1,0,8
kernel_run,8,5,4,8
kernel_run,8,5,3,8
iteration_run,65,1886,4,8
kernel_run,8,5,5,8
83,7,8
iteration_io,65,2,4,8
3,8
kernel_run,8,5,2,8
iteration_io,65,2,7iteration_io,65,2,3iteration_iteration_run,65iteration_run,65,1896,1,8
5,6,8
iteration_io,65,5,0,8
iteration_io,65,4,1,8
kernel_run,0,966,0,8
kernel_run,1,0,0,8
kernel_run,0,980,1,8
kernel_run,0,990,7,8
kernel_run,0,991,4,8
kernel_run,1,0,1,8
kernel_run,1,0,7,8
kernel_run,0,999,3,8
kernel_run,1,0,3,8
kernel_run,0,1004,6,8
kernel_run,1,0,6,8
kernel_run,0,1011,5,8
kernel_run,0,1010,2,8
kernel_run,1,0,5,8
kernel_run,1,0,2,8
kernel_run,2,231,7,8
kernel_run,2,251,0,8
kernel_run,2,238,1,8
kernel_run,2,231,2,8
kernel_run,2,247,3,8
kernel_run,2,239,6,8
kernel_run,2,260,4,8
kernel_run,2,236,5,8
kernel_run,3,554,1,8
kernel_run,3,606,7,8
kernel_run,3,588,2,8
kernel_run,3,594,5,8
kernel_run,3,601,3,8
kernel_run,3,608,4,8
kernel_run,3,613,6,8
kernel_run,3,644,0,8
kernel_run,4,39,2,8
kernel_run,4,26,3,8
kernel_run,5,0,2,8

kernel_run,5,0,4,8
kernel_run,5,0,3,8
kernel_run,6,2,5,8
kernel_run,6,2,6,8
kernel_run,6,2,4,8
kernel_run,6,2,7,8
kernel_run,7,1,5,8
kernel_run,7,1,0,8
kernel_run,7,1,4,8
kernel_run,7,1,3,8
kernel_run,8,5,5,8
kernel_run,8,5,2,8
iteration_run,66,1903,1,8
kernel_run,8,5,0,8
iteration_io,66,2,6,8
2,8
iteration_run,66,1918,7,8
iteration_io,66,4,2,8
iteration_io,66,5,3,8
iteration_io,66,4,0,8
iteration_io,66,5,7,8
kernel_run,0,1041,6,8
kernel_run,1,0,6,8
,8
kernel_run,1,0,2,8
kernel_run,0,1097,5,8
kernel_run,1,0,5,8
kernel_run,0,1114,4,8
kernel_run,0,1119,1,8
kernel_run,1,0,4,8
kernel_run,1,0,1,8
kernel_run,0,1122,0,8
kernel_run,1,0,0,8
,8
kernel_run,0,1124,7,8
kernel_run,1,0,3,8
kernel_run,1,0,7,8
kernel_run,2,214,5,8
kernel_run,2,273,6,8
kernel_run,2,293,2,8
kernel_run,2,214,7,8
kernel_run,2,219,0,8
kernel_run,2,228,1,8
kernel_run,2,238,4,8
kernel_run,3,549,5,8
kernel_run,3,585,2,8
kernel_run,3,576,0,8
kernel_run,3,611,6,8
kernel_run,3,580,1,8
kernel_run,3,597,3,8
kernel_run,3,610,4,8
kernel_run,3,636,7,8
kernel_run,4,14,4,8
kernel_run,4,122,5,8kkernel_run,5,0,4,8
kernel_run,5,0,7,8
kernel_run,5,0,5,8
kernel_run,6,2,6,8
kernel_run,6,2,2,8
kernel_run,6,2,7,8
kernel_run,7,1,6,8
kernel_run,6,2,3,8
kernel_run,7,1,2,8
kernel_run,7,1,7,8
kernel_run,7,1,0,8
kernel_run,7,1,5,8
kernel_run,8,5,6,8
kernel_run,8,5,2,8
iteration_run,67,2016,6,8
kernel_run,8,5,7,8
15,2,8
kernel_run,8,5,4,8
iteration_io,67,2,6iteration_io,67,2,2iteration_run,67,2018,7,8
iteration_run,67,2026,5,8
iteration_io,67,5,1,8
iteration_io,67,4,5,8
kernel_run,0,1059,6,8
kernel_run,0,1056,7,8
kernel_run,1,0,6,8
kernel_run,1,0,7,8
,8
kernel_run,1,0,5,8
kernel_run,0,1069,1,8
kernel_run,0,1068,0,8
kernel_run,1,0,1,8
,8
kernel_run,1,0,0,8
kernel_run,1,0,3,8
kernel_run,2,265,5,8
kernel_run,2,284,7,8
kernel_run,2,289,6,8
kernel_run,2,281,1,8
kernel_run,2,280,4,8
kernel_run,2,469,2,8
kernel_run,2,469,3,8
kernel_run,2,482,0,8
kernel_run,3,840,6,8
kernel_run,3,849,7,8
kernel_run,3,871,5,8
kernel_run,3,848,1,8
kernel_run,3,677,0,8
kernel_run,3,890,4,8
kernel_run,3,701,3,8
kernel_run,3,705,2,8
kernel_run,4,13,0,8kkernel_run,4,46,1,8kkernel_run,5,0,0,8
kernel_run,5,0,4,8
kernel_run,5,0,1,8
kernel_run,6,2,3,8
kernel_run,6,2,7,8
kernel_run,6,2,4,8
kernel_run,6,3,0,8
kernel_run,6,2,5,8
kernel_run,7,1,2,8
kernel_run,7,1,0,8
kernel_run,7,1,5,8
kernel_run,7,1,1,8
kernel_run,8,5,7,8
iteration_run,68,2282,3,8
kernel_run,8,5,2,8
iteration_run,68,2284,7,8
iteration_io,68,2,3iteration_run,68,2285,iteratiiteration_ruiteration_run,iteration_ioiteration_run,68,2292,iteriteration_io,68,5,0,8
iteration_io,68,4,1,8
kernel_run,0,1078,5,8
kernel_run,1,0,5,8
kernel_run,0,1090,7,8
kernel_run,1,0,7,8
kernel_run,0,1096,3,8
kernel_run,1,0,3,8
kernel_run,0,1101,1,8
kernel_run,1,0,1,8
kernel_run,0,1110,4,8
kernel_run,1,0,4,8
kernel_run,0,1111,0,8
kernel_run,1,0,0,8
kernel_run,0,1127,2,8
kernel_run,0,1128,6,8
kernel_run,1,0,6,8
kernel_run,2,225,1,8
kernel_run,2,260,7,8
kernel_run,2,278,5,8
kernel_run,2,278,3,8
kernel_run,2,238,6,8
kernel_run,2,261,4,8
kernel_run,2,257,0,8
kernel_run,2,246,2,8
kernel_run,3,603,5,8
kernel_run,3,590,0,8
kernel_run,3,632,1,8
kernel_run,3,621,7,8
kernel_run,3,611,4,8
kernel_run,3,617,6,8
kernel_run,3,613,2,8
kernel_run,3,629,3,8
kernel_run,4,7,2,8
kernel_run,4,0,3,8
kkernel_run,5,0,2,8
kkernel_run,5,0,3,8
kernel_run,5,0,7,8
kernel_run,6,2,2,8
kernel_run,6,2,4,8
kernel_run,6,3,1,8
kernel_run,6,2,5,8
kernel_run,7,1,4,8
kernel_run,7,1,0,8
kernel_run,7,1,5,8
kernel_run,7,1,1,8
kernel_run,8,5,2,8
kernel_run,8,5,3,8
iteration_run,69,2030,2,8
iteration_run,69,2038,3,8
on_run,69,2032,4,8
iteration_io,69,3,2,8
ration_run,69,20iteratiiteration_io,69,5,3iteratiiteration_io,69,5,6iteiteration_io,69,4,7iteration_io,69,5,1,8
,8
kernel_run,0,1078,3,8
kernel_run,1,0,3,8
kernel_run,0,1103,1,8
kernel_run,1,0,1,8
kernel_run,0,1119,2,8
kernel_run,1,0,2,8
kernel_run,0,1123,4,8
kernel_run,1,0,4,8
kernel_run,0,1124,5,8
kernel_run,0,1124,7,8
kernel_run,1,0,5,8
kernel_run,1,0,7,8
kernel_run,0,1148,0,8
kernel_run,0,1151,6,8
kernel_run,1,0,0,8
kernel_run,1,0,6,8
kernel_run,2,228,1,8
kernel_run,2,272,3,8
kernel_run,2,222,5,8
kernel_run,2,240,2,8
kernel_run,2,242,4,8
kernel_run,2,244,7,8
kernel_run,2,226,6,8
kernel_run,2,230,0,8
kernel_run,3,577,1,8
kernel_run,3,592,5,8
kernel_run,3,628,3,8
kernel_run,3,646,2,8
kernel_run,3,632,7,8
kernel_run,3,631,6,8
kernel_run,3,656,4,8
kernel_run,3,646,0,8
kernel_run,4,115,1,8
kernel_run,4,0,0,8
kkernel_run,5,0,1,8
kkernel_run,5,0,2,8
kernel_run,5,0,3,8
kernel_run,6,3,1,8
kernel_run,6,2,4,8
kernel_run,6,2,2,8
kernel_run,6,2,5,8
kernel_run,6,2,3,8
kernel_run,7,1,0,8
kernel_run,7,1,5,8
kernel_run,7,1,3,8
kernel_run,8,5,1,8
iteration_run,70,2057,1,8
kernel_run,8,5,0,8
iteration_io,70,1,1,8
nel_run,8,5,5,8
iteration_run,70,2064,0,8
iteration_run,70,20iteratiiteration_io,70,4,4iteiteration_io,70,4,5,8
iteration_io,70,4,3,8
kernel_run,0,901,7,8
kernel_run,1,0,7,8
kernel_run,0,951,3,8
kernel_run,1,0,3,8
kernel_run,0,952,0,8
kernel_run,0,966,1,8
kernel_run,1,0,0,8
kernel_run,1,0,1,8
kernel_run,0,979,4,8
kernel_run,1,0,4,8
kernel_run,0,979,5,8
kernel_run,1,0,5,8
kernel_run,0,990,6,8
kernel_run,0,991,2,8
kernel_run,1,0,6,8
kernel_run,1,0,2,8
kernel_run,2,291,7,8
kernel_run,2,229,4,8
kernel_run,2,236,1,8
kernel_run,2,214,2,8
kernel_run,2,258,3,8
kernel_run,2,233,5,8
kernel_run,2,246,0,8
kernel_run,2,223,6,8
kernel_run,3,588,1,8
kernel_run,3,618,7,8
kernel_run,3,625,4,8
kernel_run,3,624,5,8
kernel_run,3,635,3,8
kernel_run,3,628,6,8
kernel_run,3,642,0,8
kernel_run,3,847,2,8
kernel_run,4,251,1,8
kernel_run,4,202,0,8
kernel_run,5,0,1,8
8
kernel_run,5,0,0,8
kernel_run,5,0,6,8
kernel_run,6,2,2,8
kernel_run,6,2,5,8
kernel_run,6,2,3,8
kernel_run,6,3,0,8
kernel_run,6,2,4,8
kernel_run,7,1,1,8
kernel_run,7,1,5,8
kernel_run,7,1,6,8
kernel_run,7,1,4,8
kernel_run,8,5,2,8
kernel_run,8,5,7,8
iteration_run,71,2091,2,8
kernel_run,8,5,3,8
iteration_run,71,2091,7,8
iteration_io,71,2,2,8
5,8
iteration_run,71,2093,iteration_run,71,20iteration_run,71,2099,4,8
iteration_io,71,4,3,8
iteration_io,71,4,6,8
iteration_io,71,3,4,8
kernel_run,0,959,7,8
kernel_run,0,958,0,8
kernel_run,1,0,7,8
kernel_run,1,0,0,8
kernel_run,0,973,4,8
kernel_run,1,0,4,8
kernel_run,0,1131,3,8
kernel_run,1,0,3,8
,8
kernel_run,1,0,5,8
kernel_run,0,1141,6,8
kernel_run,1,0,6,8
kernel_run,0,1149,2,8
kernel_run,1,0,2,8
kernel_run,0,1159,1,8
kernel_run,1,0,1,8
kernel_run,2,391,7,8
kernel_run,2,392,0,8
kernel_run,2,409,4,8
kernel_run,2,236,1,8
kernel_run,2,275,3,8
kernel_run,2,265,2,8
kernel_run,2,270,6,8
kernel_run,3,687,4,8
kernel_run,3,687,3,8
kernel_run,3,734,0,8
kernel_run,3,737,7,8
kernel_run,3,803,1,8
kernel_run,3,796,2,8
kernel_run,3,825,6,8
kernel_run,3,848,5,8
kernel_run,4,182,4,8
kernel_run,4,0,5,8
8kkernel_run,5,0,4,8

kernel_run,5,0,5,8
kernel_run,5,0,1,8
kernel_run,6,2,4,8
kernel_run,6,2,3,8
kernel_run,6,3,0,8
kernel_run,7,1,4,8
kernel_run,6,3,1,8
kernel_run,7,1,3,8
kernel_run,7,1,0,8
kernel_run,7,1,2,8
kernel_run,7,1,1,8
kernel_run,8,5,4,8
kernel_run,8,5,3,8
iteration_run,72,2283,4,8
kernel_run,8,5,5,8
85,6,8
iteration_io,72,2,4,8
3,8
iteration_run,72,2292,5,8
iteration_run,72,2294,iteriteration_io,72,3,0,8
iteration_io,72,3,1,8
kernel_run,0,967,6,8
kernel_run,1,0,6,8
kernel_run,0,978,5,8
kernel_run,0,983,4,8
kernel_run,1,0,5,8
kernel_run,1,0,4,8
kernel_run,0,987,0,8
kernel_run,1,0,0,8
kernel_run,0,1000,1,8
kernel_run,1,0,1,8
kernel_run,0,1004,2,8
kernel_run,1,0,2,8
kernel_run,0,1015,3,8
kernel_run,0,1015,7,8
kernel_run,1,0,3,8
kernel_run,1,0,7,8
kernel_run,2,241,5,8
kernel_run,2,251,6,8
kernel_run,2,246,4,8
kernel_run,2,244,0,8
kernel_run,2,234,1,8
kernel_run,2,236,3,8
kernel_run,2,235,7,8
kernel_run,3,572,5,8
kernel_run,3,615,1,8
kernel_run,3,642,4,8
kernel_run,3,627,0,8
kernel_run,3,638,2,8
kernel_run,3,663,6,8
kernel_run,3,642,7,8
kernel_run,3,644,3,8
kernel_run,4,22,0,8kernel_run,4,1,7,8
8
kernel_run,5,0,2,8

kernel_run,5,0,3,8
kernel_run,5,0,5,8
kernel_run,6,2,2,8
kernel_run,6,2,4,8
kernel_run,6,2,3,8
kernel_run,7,1,6,8
kernel_run,7,1,2,8
kernel_run,7,1,0,8
kernel_run,7,1,3,8
kernel_run,7,1,1,8
kernel_run,8,5,2,8
kernel_run,8,5,0,8
iteration_run,73,1924,2,8
kernel_run,8,5,3,8
25,0,8
iteration_io,73,2,2iteiteration_run,73,19iteration_run,73,1928,1,8
iteration_io,73,3,3,8
iteration_io,73,3,1,8
kernel_run,0,964,7,8
kernel_run,0,974,2,8
kernel_run,1,0,7,8
8
kernel_run,1,0,0,8
kernel_run,1,0,2,8
kernel_run,1,0,5,8
kernel_run,1,0,3,8
kernel_run,0,987,1,8
kernel_run,1,0,6,8
kernel_run,1,0,1,8
kernel_run,2,225,5,8
kernel_run,2,231,0,8
kernel_run,2,244,7,8
kernel_run,2,230,6,8
kernel_run,2,251,4,8
kernel_run,2,398,1,8
kernel_run,2,452,2,8
kernel_run,3,670,3,8
kernel_run,3,671,4,8
kernel_run,3,719,5,8
kernel_run,3,544,1,8
kernel_run,3,739,6,8
kernel_run,3,760,0,8
kernel_run,3,559,2,8
kernel_run,4,89,3,8
kernel_run,4,0,2,8

kernel_run,5,0,3,8

kernel_run,5,0,2,8
kernel_run,5,0,5,8
kernel_run,6,2,3,8
kernel_run,6,2,7,8
kernel_run,6,2,2,8
kernel_run,6,3,0,8
kernel_run,7,1,3,8
kernel_run,7,1,4,8
kernel_run,7,1,2,8
kernel_run,7,1,0,8
kernel_run,7,1,1,8
kernel_run,8,5,3,8
kernel_run,8,5,7,8
kernel_run,8,5,6,8
iteration_run,74,2017,7,8
                   iteration_run,74,2025,6,8
iteration_io,74,6,7,8
    iteration_io,74,4,6,8
iteration_io,74,5,1,8
kernel_run,0,995,0,8
kernel_run,1,0,0,8
kernel_run,0,1031,2,8
kernel_run,0,1029,6,8
kernel_run,1,0,2,8
kernel_run,1,0,6,8
kernel_run,0,1049,7,8
kernel_run,1,0,7,8
kernel_run,0,1047,1,8
kernel_run,1,0,1,8
kernel_run,0,1069,3,8
kernel_run,0,1065,5,8
kernel_run,0,1069,4,8
kernel_run,1,0,5,8
kernel_run,1,0,4,8
kernel_run,2,300,0,8
kernel_run,2,284,6,8
kernel_run,2,285,7,8
kernel_run,2,307,2,8
kernel_run,2,284,1,8
kernel_run,2,269,4,8
kernel_run,2,279,5,8
kernel_run,2,282,3,8
kernel_run,3,722,1,8
kernel_run,3,731,2,8
kernel_run,3,764,0,8
kernel_run,3,770,6,8
kernel_run,3,749,4,8
kernel_run,3,766,7,8
kernel_run,3,752,3,8
kernel_run,3,757,5,8
kernel_run,4,16,4,8
kernel_run,4,0,5,8
kkernel_run,5,0,4,8
kkernel_run,5,0,0,8kkernel_run,5,0,1,8
kernel_run,6,2,4,8
kernel_run,6,2,7,8
kernel_run,6,2,5,8
kernel_run,7,1,4,8
kernel_run,7,1,2,8
kernel_run,7,1,7,8
kernel_run,7,1,6,8
kernel_run,7,1,0,8
kernel_run,7,1,1,8
kernel_run,8,5,4,8
kernel_run,8,5,2,8
iteration_run,75,2140,4,8
kernel_run,8,5,5,8
iteratiiteration_io,75,2,4iteration_io,75,2,7iteiteration_run,75,2143,6,8
ration_run,75,2142,iteration_io,75,7,3,8
0,8
iteration_io,75,6,1,8
kernel_run,0,975,0,8
kernel_run,0,992,4,8
kernel_run,1,0,0,8
kernel_run,0,986,3,8
kernel_run,1,0,4,8
kernel_run,1,0,3,8
kernel_run,0,994,6,8
kernel_run,1,0,6,8
kernel_run,0,999,1,8
kernel_run,0,1005,5,8
kernel_run,1,0,1,8
kernel_run,1,0,5,8
kernel_run,0,1008,2,8
kernel_run,1,0,2,8
,8
kernel_run,1,0,7,8
kernel_run,2,245,0,8
kernel_run,2,226,2,8
kernel_run,2,249,4,8
kernel_run,2,242,6,8
kernel_run,2,234,5,8
kernel_run,2,237,1,8
kernel_run,2,237,7,8
kernel_run,2,261,3,8
kernel_run,3,585,4,8
kernel_run,3,592,1,8
kernel_run,3,595,5,8
kernel_run,3,611,2,8
kernel_run,3,631,6,8
kernel_run,3,620,3,8
kernel_run,3,627,7,8
kernel_run,3,646,0,8
kernel_run,4,8,3,8

kernel_run,4,56,4,8kkernel_run,5,0,6,8kkernel_run,5,0,7,8
kernel_run,6,2,3,8
kernel_run,6,2,6,8
kernel_run,6,3,0,8
kernel_run,6,2,7,8
kernel_run,7,1,1,8
kernel_run,7,1,2,8
kernel_run,7,1,7,8
kernel_run,7,1,0,8
kernel_run,8,5,5,8
kernel_run,8,5,6,8
kernel_run,8,5,4,8
18,3,8
iteration_run,76,19iteration_io,76,2,3,8
6,19iteration_run,76,1926,2,8
iteiteration_io,76,4,4iteration_io,76,4,7,8
kernel_run,0,924,0,8
kernel_run,1,0,0,8
kernel_run,0,964,4,8
kernel_run,0,967,7,8
kernel_run,1,0,4,8
kernel_run,0,972,1,8
kernel_run,1,0,7,8
kernel_run,1,0,1,8
kernel_run,0,981,5,8
kernel_run,1,0,5,8
kernel_run,0,993,3,8
kernel_run,1,0,3,8
kernel_run,0,997,6,8
kernel_run,1,0,2,8
kernel_run,1,0,6,8
kernel_run,2,227,7,8
kernel_run,2,239,1,8
kernel_run,2,222,3,8
kernel_run,2,237,5,8
kernel_run,2,256,4,8
kernel_run,2,299,0,8
kernel_run,2,236,6,8
kernel_run,2,240,2,8
kernel_run,3,578,1,8
kernel_run,3,591,5,8
kernel_run,3,603,4,8
kernel_run,3,639,7,8
kernel_run,3,608,2,8
kernel_run,3,640,3,8
kernel_run,3,627,0,8
kernel_run,3,624,6,8
kernel_run,4,47,5,8
kernel_run,4,34,4,8kkernel_run,5,0,5,8
kkernel_run,5,0,4,8
kernel_run,5,0,3,8
kernel_run,6,2,5,8
kernel_run,6,3,0,8
kernel_run,7,1,7,8
kernel_run,7,1,5,8
kernel_run,7,1,2,8
kernel_run,7,1,1,8
kernel_run,7,1,3,8
kernel_run,8,5,7,8
iteration_run,77,1893,7,8
kernel_run,8,5,0,8
iteration_io,77,1,7keriteration_run,77,1898,6iteration_run,77,18iteration_io,77,2,5,8
7,19iteratiiteration_io,77,4,0iteration_io,77,3,2,8
4,8
iteration_io,77,4,1,8
iteration_io,77,3,4,8
kernel_run,0,950,1,8
kernel_run,1,0,1,8
kernel_run,0,964,3,8
kernel_run,0,974,7,8
kernel_run,1,0,3,8
kernel_run,1,0,7,8
kernel_run,0,973,2,8
kernel_run,0,977,5,8
kernel_run,1,0,2,8
kernel_run,1,0,5,8
kernel_run,0,988,4,8
kernel_run,1,0,4,8
kernel_run,0,995,0,8
kernel_run,1,0,0,8
kernel_run,0,1004,6,8
kernel_run,1,0,6,8
kernel_run,2,242,1,8
kernel_run,2,243,5,8
kernel_run,2,254,3,8
kernel_run,2,259,7,8
kernel_run,2,255,2,8
kernel_run,2,243,4,8
kernel_run,2,244,0,8
kernel_run,2,242,6,8
kernel_run,3,551,5,8
kernel_run,3,630,1,8
kernel_run,3,587,6,8
kernel_run,3,620,7,8
kernel_run,3,646,2,8
kernel_run,3,642,4,8
kernel_run,3,640,0,8
kernel_run,4,54,1,8
kernel_run,4,0,0,8
 kernel_run,5,0,1,8
                    kernel_run,5,0,0,8
kernel_run,6,2,2,8
kernel_run,6,2,4,8
kernel_run,6,2,3,8
kernel_run,6,2,5,8
kernel_run,7,1,2,8
kernel_run,7,1,6,8
kernel_run,7,1,5,8
kernel_run,7,1,1,8
kernel_run,7,1,0,8
kernel_run,8,5,2,8
kernel_run,8,5,4,8
kernel_run,8,5,6,8
iteration_run,78,1914,2,8
kernel_run,8,5,3,8
12,4,8
kernel_run,8,5,5,8
iteration_run,78,19keriteration_run,78,19iteration_run,78,1928,7,8
iteration_run,78,1925,0,8
ation_io,78,6,5,8
iteration_io,78,6,1,8
iteration_io,78,5,0,8
kernel_run,0,1006,2,8
kernel_run,1,0,2,8
kernel_run,0,999,0,8

kernel_run,0,1008,6,8
kernel_run,1,0,0,8
kernel_run,1,0,6,8
kernel_run,0,1023,5,8
kernel_run,1,0,5,8
kernel_run,0,1032,1,8
kernel_run,0,1038,3,8
kernel_run,0,1036,7,8
kernel_run,1,0,1,8
kernel_run,1,0,3,8
kernel_run,2,278,2,8
kernel_run,2,268,6,8
kernel_run,2,288,0,8
kernel_run,2,282,5,8
kernel_run,2,269,1,8
kernel_run,2,265,7,8
kernel_run,2,271,3,8
kernel_run,2,504,4,8
kernel_run,3,771,5,8
kernel_run,3,809,6,8
kernel_run,3,832,7,8
kernel_run,3,883,2,8
kernel_run,3,858,3,8
kernel_run,3,671,4,8
kernel_run,4,94,6,8
kernel_run,4,42,7,8
kernel_run,5,0,5,8

kernel_run,5,0,7,8
kernel_run,5,0,3,8
kernel_run,6,2,5,8
kernel_run,6,3,1,8
kernel_run,6,2,3,8
kernel_run,7,1,2,8
kernel_run,7,1,4,8
kernel_run,7,1,7,8
kernel_run,8,5,6,8
iteration_run,79,2216,6,8
iteration_io,79,1,6,8
kernel_run,8,5,1,8
kernel_run,8,5,7,8
20,5,8
kernel_run,8,5,0,8
iteration_run,79,2219,1,8
iteration_run,79,2224,3,8
iteration_io,79,4,2,8
0,8
iteration_io,79,5,3,8
iteration_io,79,5,0,8
kernel_run,0,920,0,8
kernel_run,1,0,0,8
kernel_run,0,961,5,8
kernel_run,0,956,3,8
kernel_run,0,959,2,8
rnel_run,0,962,7,8
kernel_run,1,0,7,8
kernel_run,1,0,2,8
kernel_run,0,971,4,8
kernel_run,1,0,4,8
kernel_run,0,975,1,8
kernel_run,1,0,1,8
8
kernel_run,1,0,6,8
kernel_run,2,247,5,8
kernel_run,2,246,7,8
kernel_run,2,229,1,8
kernel_run,2,251,3,8
kernel_run,2,301,0,8
kernel_run,2,249,6,8
kernel_run,2,256,4,8
kernel_run,2,269,2,8
kernel_run,3,538,1,8
kernel_run,3,575,5,8
kernel_run,3,620,6,8
kernel_run,3,642,7,8
kernel_run,3,643,0,8
kernel_run,3,781,4,8
kernel_run,3,805,3,8
kernel_run,4,240,1,8
kernel_run,4,149,0,8
kernel_run,5,0,2,8

kernel_run,5,0,7,8
kernel_run,5,0,1,8
kernel_run,6,2,2,8
kernel_run,6,2,3,8
kernel_run,6,3,0,8
kernel_run,7,1,2,8
kernel_run,6,3,1,8
kernel_run,7,1,4,8
kernel_run,7,1,0,8
kernel_run,7,1,5,8
kernel_run,7,1,1,8
kernel_run,8,5,6,8
kernel_run,8,5,2,8
iteration_run,80,2103,6,8
kernel_run,8,5,7,8
95,2,8
kernel_run,8,5,3,8
iteration_io,80,2,6iteration_io,80,2,2iteiteration_run,80,2098,3iteration_run,80,2100,1,8
iteration_io,80,6,0,8
iteration_io,80,4,5,8
iteration_io,80,7,7,8
iteration_io,80,5,1,8
kernel_run,0,920,1,8
kernel_run,1,0,1,8
kernel_run,0,960,2,8
kernel_run,1,0,2,8
kernel_run,0,975,7,8
kernel_run,1,0,7,8
kernel_run,0,991,6,8
kernel_run,1,0,6,8
kernel_run,0,988,0,8
kernel_run,1,0,0,8
kernel_run,0,993,4,8
kernel_run,0,992,5,8
kernel_run,1,0,4,8
kernel_run,1,0,5,8
kernel_run,0,1007,3,8
kernel_run,1,0,3,8
kernel_run,2,260,1,8
kernel_run,2,251,2,8
kernel_run,2,242,7,8
kernel_run,2,234,5,8
kernel_run,2,238,4,8
kernel_run,2,249,6,8
kernel_run,2,247,0,8
kernel_run,2,237,3,8
kernel_run,3,560,5,8
kernel_run,3,613,1,8
kernel_run,3,607,2,8
kernel_run,3,606,7,8
kernel_run,3,596,6,8
kernel_run,3,592,3,8
kernel_run,3,600,0,8
kernel_run,3,615,4,8
kernel_run,4,56,5,8
kernel_run,4,0,4,8

kernel_run,5,0,5,8

kernel_run,5,0,4,8
kernel_run,5,0,3,8
kernel_run,6,2,7,8
kernel_run,6,2,4,8
kernel_run,6,2,6,8
kernel_run,6,3,1,8
kernel_run,7,1,7,8
kernel_run,7,1,4,8
kernel_run,7,1,3,8
kernel_run,7,1,2,8
kernel_run,8,5,7,8
kernel_run,8,5,0,8
iteration_run,81,1877,5,8
iteration_run,81,18iteration_run,81,18iteratiiteration_run,81,18iteration_io,81,5,6,8
2,8
iteration_io,81,6,0,8
iteration_io,81,5,1,8
kernel_run,0,1182,2,8
kernel_run,1,0,2,8
kernel_run,0,1196,5,8
kernel_run,0,1195,6,8
kernel_run,1,0,5,8
kernel_run,1,0,6,8
kernel_run,0,1203,1,8
kernel_run,1,0,1,8
kernel_run,0,1208,0,8
kernel_run,1,0,0,8
kernel_run,0,1215,3,8
kernel_run,1,0,3,8
kernel_run,0,1329,7,8
kernel_run,1,0,7,8
kernel_run,0,1360,4,8
kernel_run,1,0,4,8
kernel_run,2,305,1,8
kernel_run,2,347,2,8
kernel_run,2,359,5,8
kernel_run,2,338,3,8
kernel_run,2,371,6,8
kernel_run,2,243,7,8
kernel_run,2,373,0,8
kernel_run,2,222,4,8
kernel_run,3,581,1,8
kernel_run,3,548,5,8
kernel_run,3,586,6,8
kernel_run,3,606,3,8
kernel_run,3,636,2,8
kernel_run,3,607,7,8
kernel_run,3,597,4,8
kernel_run,3,600,0,8
kernel_run,4,3,4,8
kernel_run,4,82,5,8

kernel_run,5,0,2,8
kernel_run,5,0,4,8
kernel_run,5,0,7,8
kernel_run,6,2,2,8
kernel_run,6,3,1,8
kernel_run,6,2,3,8
kernel_run,6,2,4,8
kernel_run,6,2,6,8
kernel_run,6,3,0,8
kernel_run,7,1,1,8
kernel_run,7,1,3,8
kernel_run,7,1,4,8
kernel_run,7,1,6,8
kernel_run,8,5,2,8
kernel_run,7,1,7,8
kernel_run,8,5,1,8
iteration_run,82,2214,2,8
kernel_run,8,5,3,8
iteration_io,82,2,2,8
1,8
iteration_run,82,2219,3,8
run,8,5,6,8
iteration_io,82,2,1iteration_run,82,22iteratiiteration_run,82,2226,iteriteration_io,82,5,4,8
iteration_io,82,5,6,8
iteration_io,82,5,7,8
kernel_run,0,1008,0,8
kernel_run,1,0,0,8
kernel_run,0,1032,2,8
kernel_run,0,1026,4,8
kernel_run,1,0,4,8
kernel_run,0,1036,7,8
kernel_run,1,0,7,8
,8
kernel_run,0,1046,3,8
kernel_run,1,0,5,8
kernel_run,0,1050,1,8
kernel_run,1,0,3,8
kernel_run,1,0,1,8
kernel_run,0,1052,6,8
kernel_run,1,0,6,8
kernel_run,2,273,2,8
kernel_run,2,246,6,8
kernel_run,2,263,3,8
kernel_run,2,298,0,8
kernel_run,2,277,7,8
kernel_run,2,276,5,8
kernel_run,2,275,1,8
kernel_run,3,732,0,8
kernel_run,3,744,4,8
kernel_run,3,778,2,8
kernel_run,3,760,5,8
kernel_run,3,783,6,8
kernel_run,3,772,7,8
kernel_run,3,769,1,8
kernel_run,4,39,4,8
kernel_run,4,10,5,8kkernel_run,5,0,4,8kkernel_run,5,0,5,8kkernel_run,6,2,6,8
kernel_run,6,3,0,8
kernel_run,6,2,4,8
kernel_run,6,2,7,8
kernel_run,6,2,5,8
kernel_run,7,1,0,8
kernel_run,7,1,1,8
kernel_run,7,1,5,8
kernel_run,8,5,0,8
iteration_run,83,2129,6,8
kernel_run,8,5,7,8
iteration_io,83,3,6iteiteration_run,83,2133,7iteration_run,83,2129,5,8
iteration_io,83,4,4,8
iteration_io,83,4,5,8
kernel_run,0,960,3,8
kernel_run,1,0,3,8
kernel_run,0,973,2,8
kernel_run,1,0,2,8
kernel_run,0,992,6,8
kernel_run,1,0,6,8
kernel_run,0,1006,0,8
kernel_run,0,1002,4,8
kernel_run,1,0,0,8
kernel_run,1,0,4,8
kernel_run,0,1009,1,8
kernel_run,0,1010,5,8
kernel_run,1,0,1,8
kernel_run,1,0,5,8
kernel_run,0,1020,7,8
kernel_run,1,0,7,8
kernel_run,2,284,3,8
kernel_run,2,282,2,8
kernel_run,2,263,6,8
kernel_run,2,251,0,8
kernel_run,2,253,1,8
kernel_run,2,253,5,8
kernel_run,2,261,7,8
kernel_run,3,624,3,8
kernel_run,3,628,6,8
kernel_run,3,614,4,8
kernel_run,3,618,5,8
kernel_run,3,632,1,8
kernel_run,3,650,7,8
kernel_run,3,689,2,8
kernel_run,3,692,0,8
kernel_run,4,44,1,8
kernel_run,4,0,0,8
kkernel_run,5,0,1,8
kkernel_run,5,0,0,8
kernel_run,5,0,5,8
kernel_run,6,3,1,8
kernel_run,6,2,4,8
kernel_run,6,3,0,8
kernel_run,7,1,2,8
kernel_run,7,1,3,8
kernel_run,7,1,5,8
kernel_run,8,5,6,8
kernel_run,8,5,1,8
kernel_run,8,5,4,8
kernel_run,8,5,5,8
iteration_run,84,2000,2,8
iteration_run,84,2001,3,8
iteration_io,84,7,2,8
iteration_io,84,5,5,8
iteration_io,84,4,3,8
kernel_run,0,1004,6,8
kernel_run,1,0,6,8
kernel_run,0,1011,3,8
kernel_run,1,0,3,8
kernel_run,0,1015,5,8
kernel_run,1,0,5,8
kernel_run,0,1029,2,8
kernel_run,0,1032,4,8
kernel_run,1,0,2,8
kernel_run,0,1035,1,8
kernel_run,0,1033,0,8
kernel_run,1,0,1,8
kernel_run,1,0,0,8
kernel_run,0,1043,7,8
kernel_run,1,0,7,8
kernel_run,2,222,5,8
kernel_run,2,258,6,8
kernel_run,2,257,3,8
kernel_run,2,249,1,8
kernel_run,2,267,2,8
kernel_run,2,265,4,8
kernel_run,3,572,5,8
kernel_run,3,598,6,8
kernel_run,3,579,1,8
kernel_run,3,593,3,8
kernel_run,3,597,0,8
kernel_run,3,600,4,8
kernel_run,3,608,7,8
kernel_run,3,625,2,8
kernel_run,4,28,0,8
kernel_run,4,60,1,8
kernel_run,5,0,3,8
8kkernel_run,5,0,2,8kkernel_run,5,0,5,8kernel_run,6,2,3,8
kernel_run,6,2,7,8
kernel_run,6,3,0,8
kernel_run,6,3,2,8
kernel_run,6,3,1,8
kernel_run,7,1,7,8
kernel_run,7,1,2,8
kernel_run,7,1,5,8
kernel_run,7,1,1,8
kernel_run,8,5,3,8
iteration_run,85,1954,3,8
kernel_run,8,5,2,8
kernel_run,8,5,0,8
kernel_run,8,5,1,8
,8
4,8
iteration_run,85,1961,0,8
iteration_run,8iteration_riteration_io,85,5,7,8
iteration_io,85,5,0,8
iteration_io,85,5,1,8
kernel_run,0,998,4,8
kernel_run,0,997,2,8
kernel_run,1,0,4,8
kernel_run,1,0,2,8
kernel_run,0,1004,5,8
kernel_run,0,1004,7,8
kernel_run,1,0,5,8
kernel_run,1,0,1,8
kernel_run,1,0,7,8
kernel_run,0,1014,0,8
kernel_run,0,1014,6,8
kernel_run,0,1026,3,8
kernel_run,1,0,6,8
kernel_run,1,0,3,8
kernel_run,2,227,5,8
kernel_run,2,227,1,8
kernel_run,2,249,4,8
kernel_run,2,228,3,8
kernel_run,2,254,2,8
kernel_run,2,245,7,8
kernel_run,2,240,6,8
kernel_run,2,242,0,8
kernel_run,3,578,5,8
kernel_run,3,611,1,8
kernel_run,3,596,7,8
kernel_run,3,617,4,8
kernel_run,3,631,3,8
kernel_run,3,628,6,8
kernel_run,3,629,0,8
kernel_run,4,27,4,8
kernel_run,4,79,5,8
kernel_run,5,0,4,8
kkernel_run,5,0,0,8kernel_run,5,0,5,8

kernel_run,6,2,6,8
kernel_run,6,2,2,8
kernel_run,6,2,7,8
kernel_run,6,2,5,8
kernel_run,7,1,2,8
kernel_run,7,1,1,8
kernel_run,7,1,3,8
kernel_run,7,1,5,8
kernel_run,8,5,6,8
iteration_run,86,1920,6,8
kernel_run,8,5,7,8
iteration_io,86,1,6,8
nel_run,8,5,3,8
iteration_run,86,19iteratiiteration_run,86,19iteratiiteration_io,86,6,2,8
5,8
iteration_io,86,4,4,8
iteration_io,86,7,5,8
kernel_run,0,1065,5,8
kernel_run,1,0,5,8
kernel_run,0,1074,3,8
kernel_run,0,1078,2,8
kernel_run,1,0,3,8
kernel_run,0,1080,1,8
kernel_run,1,0,1,8
kernel_run,0,1206,6,8
kernel_run,1,0,6,8
kernel_run,0,1211,7,8
kernel_run,1,0,7,8
kernel_run,0,1231,0,8
kernel_run,1,0,0,8
kernel_run,0,1237,4,8
kernel_run,1,0,4,8
kernel_run,2,362,2,8
kernel_run,2,384,5,8
kernel_run,2,236,4,8
kernel_run,2,281,6,8
kernel_run,2,407,3,8
kernel_run,2,273,7,8
kernel_run,2,256,0,8
kernel_run,2,412,1,8
kernel_run,3,708,5,8
kernel_run,3,688,3,8
kernel_run,3,737,2,8
kernel_run,3,703,4,8
kernel_run,3,713,6,8
kernel_run,3,712,0,8
kernel_run,3,730,7,8
kernel_run,3,728,1,8
kernel_run,4,28,6,8
kernel_run,4,50,3,8
kernel_run,5,0,0,8
kernel_run,5,0,1,8
kernel_run,5,0,7,8
kernel_run,6,2,4,8
kernel_run,6,2,2,8
kernel_run,6,2,6,8
kernel_run,7,1,4,8
kernel_run,7,1,2,8
kernel_run,7,1,1,8
kernel_run,7,1,7,8
kernel_run,8,5,4,8
iteration_run,87,2255,4,8
kernel_run,8,5,2,8
kernel_run,8,5,5,8
iteration_io,87,3,4iteratiiteration_run,87,22iteratiiteration_run,87,22iteiteration_io,87,6,1,8
6,8
iteration_io,87,5,7,8
kernel_run,0,949,6,8
kernel_run,1,0,6,8
kernel_run,0,955,0,8
kernel_run,1,0,0,8
kernel_run,0,957,1,8
kernel_run,1,0,1,8
kernel_run,0,972,7,8
kernel_run,1,0,7,8
kernel_run,0,993,2,8
kernel_run,0,1000,4,8
kernel_run,1,0,2,8
kernel_run,1,0,4,8
kernel_run,0,1162,5,8
kernel_run,1,0,5,8
kernel_run,0,1173,3,8
kernel_run,1,0,3,8
kernel_run,2,410,6,8
kernel_run,2,385,7,8
kernel_run,2,416,1,8
kernel_run,2,423,0,8
kernel_run,2,224,5,8
kernel_run,2,396,2,8
kernel_run,2,396,4,8
kernel_run,2,228,3,8
kernel_run,3,600,2,8
kernel_run,3,634,7,8
kernel_run,3,639,6,8
kernel_run,3,614,5,8
kernel_run,3,632,1,8
kernel_run,3,637,3,8
kernel_run,3,660,4,8
kernel_run,3,685,0,8
kernel_run,4,53,1,8
kernel_run,4,0,0,8

kernel_run,5,0,1,8

kernel_run,5,0,0,8
kernel_run,5,0,7,8
kernel_run,6,3,1,8
kernel_run,6,2,6,8
kernel_run,6,3,0,8
kernel_run,7,1,4,8
kernel_run,7,1,5,8
kernel_run,7,1,0,8
kernel_run,8,5,4,8
kernel_run,8,5,6,8
kernel_run,8,5,1,8
99,2,8
kernel_run,8,5,3,8
05,4,8
kernel_run,8,5,5,8
99,6,8
iteration_io,88,2,4iteiteration_run,88,21iteriteration_run,88,2106,0,8
iteration_io,88,5,1,8
iteration_io,88,5,0,8
kernel_run,0,995,0,8
kernel_run,1,0,0,8
kernel_run,0,1007,4,8
kernel_run,1,0,4,8
kernel_run,0,1003,1,8
kernel_run,0,1005,5,8
kernel_run,1,0,1,8
kernel_run,1,0,5,8
kernel_run,0,1017,3,8
kernel_run,0,1017,7,8
kernel_run,1,0,3,8
kernel_run,1,0,7,8
kernel_run,0,1029,6,8
kernel_run,0,1032,2,8
kernel_run,1,0,6,8
kernel_run,1,0,2,8
kernel_run,2,240,4,8
kernel_run,2,237,1,8
kernel_run,2,226,7,8
kernel_run,2,248,5,8
kernel_run,2,260,0,8
kernel_run,2,247,3,8
kernel_run,2,240,2,8
kernel_run,2,242,6,8
kernel_run,3,608,1,8
kernel_run,3,594,0,8
kernel_run,3,609,7,8
kernel_run,3,607,5,8
kernel_run,3,627,4,8
kernel_run,3,621,3,8
kernel_run,3,634,6,8
kernel_run,3,644,2,8
kernel_run,4,59,0,8
kernel_run,4,62,1,8
kernel_run,5,0,0,8
kernel_run,5,0,7,8
kkernel_run,5,0,5,8
kernel_run,6,2,2,8
kernel_run,6,2,7,8
kernel_run,7,1,3,8
                   kernel_run,6,3,1,8
kernel_run,7,1,7,8
kernel_run,6,2,5,8
kernel_run,7,1,4,8
kernel_run,7,1,6,8
kernel_run,7,1,5,8
kernel_run,8,5,3,8
kernel_run,8,5,2,8
iteration_run,89,1948,3,8
on_run,89,1946,0,8
kernel_run,8,5,4,8
iteration_run,89,19iteration_run,89,19iteiteration_run,89,1953,1iteratiiteration_io,89,4,7iteiteration_io,89,4,6,8
iteration_io,89,4,5,8
kernel_run,0,944,7,8
kernel_run,1,0,7,8
kernel_run,0,974,6,8
kernel_run,1,0,6,8
kernel_run,0,982,0,8
kernel_run,1,0,0,8
kernel_run,0,981,4,8
kernel_run,1,0,4,8
kernel_run,0,992,1,8
kernel_run,0,993,5,8
kernel_run,1,0,5,8
kernel_run,0,1011,3,8
kernel_run,1,0,3,8
kernel_run,0,1017,2,8
kernel_run,1,0,2,8
kernel_run,2,262,7,8
kernel_run,2,241,4,8
kernel_run,2,228,5,8
kernel_run,2,235,1,8
kernel_run,2,249,0,8
kernel_run,2,232,3,8
kernel_run,2,231,2,8
kernel_run,3,619,1,8
kernel_run,3,656,7,8
kernel_run,3,645,5,8
kernel_run,3,664,0,8
kernel_run,3,649,2,8
kernel_run,3,672,6,8
kernel_run,3,684,4,8
kernel_run,3,668,3,8
kernel_run,4,15,0,8
kernel_run,4,63,1,8
kernel_run,5,0,4,8kkernel_run,5,0,3,8kkernel_run,5,0,7,8
kernel_run,6,2,2,8
kernel_run,6,2,6,8
kernel_run,7,1,2,8
kernel_run,7,1,3,8
kernel_run,6,2,7,8
kernel_run,7,1,0,8
kernel_run,7,1,1,8
kernel_run,8,5,2,8
kernel_run,8,5,4,8
iteration_run,90,1945,2,8
kernel_run,8,5,3,8
44,4,8
iteration_io,90,2,2keriteration_run,90,19iteration_run,90,1954,0,8
iteration_run,90,1953,1,8
iteration_io,90,4,6,8
iteration_io,90,6,7,8
iteration_io,90,6,1,8
kernel_run,0,1013,0,8
kernel_run,0,1017,7,8
kernel_run,1,0,0,8
kernel_run,1,0,7,8
kernel_run,0,1021,1,8
kernel_run,1,0,1,8
kernel_run,0,1049,3,8
kernel_run,1,0,3,8
kernel_run,0,1066,2,8
kernel_run,1,0,2,8
kernel_run,0,1065,6,8
kernel_run,0,1075,4,8
kernel_run,1,0,6,8
kernel_run,1,0,4,8
kernel_run,0,1080,5,8
kernel_run,1,0,5,8
kernel_run,2,274,7,8
kernel_run,2,284,0,8
kernel_run,2,277,3,8
kernel_run,2,265,4,8
kernel_run,2,283,2,8
kernel_run,2,273,5,8
kernel_run,3,696,7,8
kernel_run,3,744,0,8
kernel_run,3,726,1,8
kernel_run,3,727,3,8
kernel_run,3,723,4,8
kernel_run,3,704,5,8
kernel_run,3,728,6,8
kernel_run,4,77,7,8
kernel_run,4,0,6,8

kernel_run,5,0,7,8

kernel_run,5,0,6,8
kernel_run,5,0,1,8
kernel_run,6,2,7,8
kernel_run,6,2,5,8
kernel_run,6,2,6,8
kernel_run,6,2,4,8
kernel_run,7,1,7,8
kernel_run,7,1,2,8
kernel_run,7,1,0,8
kernel_run,7,1,1,8
kernel_run,8,5,7,8
iteration_run,91,2100,7,8
kernel_run,8,5,6,8
iteration_io,91,1,7,8
nel_run,8,5,4,8
iteration_run,91,21iteratiiteration_ruiteratiiteration_run,91,21iteration_iteration_io,91,iteratiteration_io,91,iteration_io,91,4,1,8
kernel_run,0,988,5,8
kernel_run,1,0,5,8
kernel_run,0,994,3,8
kernel_run,0,1004,7,8
kernel_run,0,997,1,8
kernel_run,1,0,7,8
kernel_run,0,1003,2,8
kernel_run,1,0,2,8
kernel_run,0,1017,4,8
kernel_run,1,0,4,8
kernel_run,0,1185,6,8
kernel_run,0,1183,0,8
kernel_run,1,0,6,8
kernel_run,1,0,0,8
kernel_run,2,383,5,8
kernel_run,2,378,1,8
kernel_run,2,393,3,8
kernel_run,2,401,7,8
kernel_run,2,222,0,8
kernel_run,2,392,4,8
kernel_run,2,229,6,8
kernel_run,3,604,1,8
kernel_run,3,634,5,8
kernel_run,3,644,3,8
kernel_run,3,661,7,8
kernel_run,3,650,6,8
kernel_run,3,663,4,8
kernel_run,3,674,0,8
kernel_run,4,16,2,8
kernel_run,4,68,5,8
kernel_run,5,0,4,8

kernel_run,5,0,3,8
kernel_run,5,0,5,8
kernel_run,6,2,2,8
kernel_run,6,2,4,8
kernel_run,6,2,3,8
kernel_run,7,1,2,8
kernel_run,6,2,7,8
kernel_run,7,1,1,8
kernel_run,7,1,4,8
kernel_run,7,1,0,8
kernel_run,7,1,5,8
kernel_run,8,5,2,8
kernel_run,8,5,1,8
iteration_run,92,2113,2,8
kernel_run,8,5,3,8
12,1,8
kernel_run,8,5,0,8
iteration_io,92,2,1,8
6,8
iteration_run,92,21iteration_run,92,2119,0,8
iteration_run,92,2131,7,8
iteration_io,92,6,4,8
iteration_io,92,6,5,8
kernel_run,0,984,3,8
kernel_run,0,979,5,8
kernel_run,1,0,3,8
kernel_run,1,0,5,8
kernel_run,0,995,0,8
kernel_run,1,0,0,8
kernel_run,0,1008,1,8
kernel_run,1,0,4,8
kernel_run,1,0,1,8
kernel_run,0,1013,7,8
kernel_run,1,0,7,8
kernel_run,0,1033,2,8
kernel_run,1,0,6,8
kernel_run,2,242,3,8
kernel_run,2,236,1,8
kernel_run,2,256,5,8
kernel_run,2,256,0,8
kernel_run,2,261,4,8
kernel_run,2,248,7,8
kernel_run,2,252,6,8
kernel_run,2,256,2,8
kernel_run,3,591,3,8
kernel_run,3,599,5,8
kernel_run,3,589,4,8
kernel_run,3,647,1,8
kernel_run,3,637,0,8
kernel_run,3,674,7,8
kernel_run,3,659,2,8
kernel_run,4,93,5,8kkernel_run,4,51,0,kekernel_run,5,0,1,kekernel_run,5,0,0,kernel_run,6,2,7,8
kernel_run,6,3,1,8
kernel_run,6,3,0,8
kernel_run,7,1,5,8
kernel_run,7,1,2,8
kernel_run,7,1,0,8
kernel_run,8,5,7,8
iteration_run,93,1990,7,8
kernel_run,8,5,3,8
iteration_io,93,1,7,8
kernel_run,8,5,6,8
kernel_run,8,5,2,8
iteration_run,93,20iteratiiteration_run,93,2008,2,8
iteration_io,93,6,3,8
4,8
iteration_io,93,7,2,8
iteration_io,93,6,4,8
kernel_run,0,932,3,8
kernel_run,1,0,3,8
kernel_run,0,976,5,8
kernel_run,0,976,0,8
kernel_run,0,976,4,8
kernel_run,1,0,5,8
kernel_run,1,0,4,8
kernel_run,0,991,1,8
kernel_run,1,0,1,8
kernel_run,0,1027,7,8
kernel_run,1,0,7,8
kernel_run,0,1031,2,8
kernel_run,1,0,2,8
kernel_run,1,0,6,8
kernel_run,2,274,3,8
kernel_run,2,238,4,8
kernel_run,2,245,1,8
kernel_run,2,225,7,8
kernel_run,2,263,5,8
kernel_run,2,269,0,8
kernel_run,2,231,6,8
kernel_run,2,240,2,8
kernel_run,3,580,3,8
kernel_run,3,592,5,8
kernel_run,3,618,4,8
kernel_run,3,610,1,8
kernel_run,3,618,7,8
kernel_run,3,626,0,8
kernel_run,3,622,2,8
kernel_run,3,627,6,8
kernel_run,4,3,2,8
kkernel_run,4,62,5,8
kernel_run,5,0,7,8
kkernel_run,5,0,5,8
kernel_run,6,2,2,8
kernel_run,6,2,7,8
kernel_run,6,2,3,8
kernel_run,6,3,0,8
kernel_run,6,3,1,8
kernel_run,7,1,5,8
kernel_run,7,1,1,8
kernel_run,8,5,2,8
kernel_run,8,5,7,8
kernel_run,8,5,4,8
iteration_run,94,1936,2,8
kernel_run,8,5,3,8
iteration_run,94,1951,7,8
on_run,94,1936,4,8
iteration_io,94,2,2iteration_io,94,3,4,8
0,8
iteration_run,94,1944,iteriteration_io,94,4,0,8
iteration_io,94,5,1,8
kernel_run,0,1017,3,8
kernel_run,1,0,3,8
kernel_run,0,1048,4,8
kernel_run,1,0,4,8
kernel_run,0,1055,6,8
kernel_run,1,0,6,8
kernel_run,0,1060,0,8
kernel_run,1,0,0,8
kernel_run,0,1071,2,8
kernel_run,1,0,2,8
kernel_run,0,1072,1,8
kernel_run,0,1080,7,8
kernel_run,1,0,1,8
kernel_run,1,0,7,8
kernel_run,0,1081,5,8
kernel_run,1,0,5,8
kernel_run,2,258,4,8
kernel_run,2,276,0,8
kernel_run,2,316,3,8
kernel_run,2,279,7,8
kernel_run,2,274,5,8
kernel_run,2,304,6,8
kernel_run,2,284,1,8
kernel_run,3,736,2,8
kernel_run,3,796,4,8
kernel_run,3,762,5,8
kernel_run,3,786,0,8
kernel_run,3,769,7,8
kernel_run,3,766,1,8
kernel_run,3,771,6,8
kernel_run,4,56,2,8kernel_run,4,0,6,8

kernel_run,5,0,7,8
kernel_run,5,0,0,8

kernel_run,5,0,5,8
kernel_run,6,2,2,8
kernel_run,7,1,3,8
kernel_run,6,3,0,8
kernel_run,6,3,1,8
kernel_run,7,1,0,8
kernel_run,7,1,1,8
kernel_run,8,5,2,8
iteration_run,95,2177,3,8
iteration_run,95,2185,2,8
iteration_io,95,4,3itekernel_run,8,5,1,8
iteration_run,95,2189,0,8
iteration_run,95,2189,1,8
ation_io,95,6,5,8
iteration_io,95,8,0,8
iteration_io,95,6,1,8
kernel_run,0,999,5,8
kernel_run,1,0,5,8
kernel_run,0,1003,6,8
kernel_run,1,0,6,8
kernel_run,0,1003,1,8
kernel_run,1,0,1,8
kernel_run,0,1018,0,8
kernel_run,1,0,0,8
kernel_run,0,1037,7,8
kernel_run,0,1043,3,8
kernel_run,0,1041,4,8
kernel_run,1,0,7,8
,8
kernel_run,1,0,4,8
kernel_run,1,0,2,8
kernel_run,2,221,1,8
kernel_run,2,235,5,8
kernel_run,2,262,6,8
kernel_run,2,232,7,8
kernel_run,2,241,3,8
kernel_run,2,240,2,8
kernel_run,2,241,4,8
kernel_run,2,256,0,8
kernel_run,3,635,5,8
kernel_run,3,625,6,8
kernel_run,3,638,2,8
kernel_run,3,654,4,8
kernel_run,3,787,1,8
kernel_run,3,754,0,8
kernel_run,3,787,3,8
kernel_run,4,147,2,8
kernel_run,4,0,3,8
8
kernel_run,5,0,2,8

kkernel_run,5,0,5,8kernel_run,5,0,7,8

kernel_run,6,2,2,8
kernel_run,6,3,6,8
kernel_run,6,4,0,8
kernel_run,6,2,3,8
kernel_run,6,3,1,8
kernel_run,7,1,2,8
kernel_run,7,1,0,8
kernel_run,6,2,5,8
kernel_run,7,1,1,8
kernel_run,7,1,4,8
kernel_run,7,1,5,8
kernel_run,8,5,0,8
kernel_run,8,5,3,8
kernel_run,8,5,1,8
iteratiiteration_run,96,21iteration_run,96,2100,1,8
,8
,8,5,5,8
iteration_io,96,5,3,8
4,8
iteration_io,96,7,1,8
5,8
iteration_io,96,6,4,8
iteration_io,96,6,5,8
kernel_run,0,974,4,8
kernel_run,0,983,1,8
kernel_run,1,0,4,8
kernel_run,1,0,1,8
kernel_run,0,994,7,8
kernel_run,1,0,7,8
kernel_run,0,999,3,8
kernel_run,1,0,3,8
kernel_run,0,1007,0,8
kernel_run,1,0,0,8
kernel_run,0,1023,2,8
kernel_run,1,1024,6,8
kernel_run,1,0,6,8
kernel_run,0,1023,5,8
kernel_run,1,0,5,8
kernel_run,2,222,0,8
kernel_run,2,230,3,8
kernel_run,2,218,5,8
kernel_run,2,263,4,8
kernel_run,2,262,1,8
kernel_run,2,259,7,8
kernel_run,2,253,6,8
kernel_run,2,258,2,8
kernel_run,3,582,3,8
kernel_run,3,572,1,8
kernel_run,3,615,4,8
kernel_run,3,620,5,8
kernel_run,3,646,0,8
kernel_run,3,607,2,8
kernel_run,3,637,7,8
kernel_run,3,624,6,8
kernel_run,4,9,7,8
kernel_run,4,0,6,8

kernel_run,5,0,7,8

kernel_run,5,0,6,8
kernel_run,5,0,2,8
kernel_run,6,2,5,8
kernel_run,6,3,1,8
kernel_run,6,2,6,8
kernel_run,6,2,2,8
kernel_run,6,3,0,8
kernel_run,7,1,5,8
kernel_run,7,1,4,8
kernel_run,7,1,2,8
kernel_run,8,5,7,8
kernel_run,8,5,5,8
iteration_run,97,1939,7,8
kernel_run,8,5,6,8
iteration_run,97,1937,5,8
iteration_io,97,2,7,8
1,8
kernel_run,8,5,0,8
iteration_run,97,1946,6,8
iteration_run,97,1944,iteriteration_io,97,5,3,8
iteration_io,97,6,2,8
kernel_run,0,1109,5,8
kernel_run,1,0,5,8
kernel_run,0,1106,3,8
kernel_run,1,0,3,8
kernel_run,0,1133,1,8
kernel_run,0,1141,7,8
kernel_run,1,0,1,8
kernel_run,1,0,7,8
kernel_run,0,1149,0,8
kernel_run,1,0,0,8
kernel_run,0,1155,2,8
kernel_run,0,1157,4,8
kernel_run,0,1161,6,8
kernel_run,1,0,4,8
kernel_run,1,0,6,8
kernel_run,2,233,6,8
kernel_run,2,294,5,8
kernel_run,2,291,3,8
kernel_run,2,266,1,8
kernel_run,2,280,7,8
kernel_run,2,261,4,8
kernel_run,2,278,0,8
kernel_run,3,601,6,8
kernel_run,3,611,5,8
kernel_run,3,642,1,8
kernel_run,3,633,4,8
kernel_run,3,626,0,8
kernel_run,3,666,3,8
kernel_run,3,648,2,8
kernel_run,3,670,7,8
kernel_run,4,92,6,8
kernel_run,4,0,7,8

kernel_run,5,0,6,8

kernel_run,5,0,4,8
kernel_run,5,0,7,8
kernel_run,6,2,2,8
kernel_run,6,3,0,8
kernel_run,6,2,6,8
kernel_run,6,2,3,8
kernel_run,6,2,5,8
kernel_run,7,1,2,8
kernel_run,7,1,0,8
kernel_run,7,1,5,8
kernel_run,7,1,7,8
kernel_run,8,5,2,8
iteration_run,98,2124,2,8
kernel_run,8,5,0,8
kernel_run,8,5,6,8
,8
kernel_run,8,5,3,8
iteration_run,98,21iteratiiteration_run,98,21iteration_run,98,2140,7,8
iteration_io,98,4,6,8
iteration_io,98,5,7,8
kernel_run,0,1006,4,8
kernel_run,1,0,4,8
kernel_run,0,1013,3,8
kernel_run,1,0,3,8
kernel_run,0,1015,5,8
kernel_run,1,0,5,8
kernel_run,0,1037,6,8
kernel_run,1,0,6,8
kernel_run,0,1161,7,8
kernel_run,1,0,7,8
kernel_run,0,1178,2,8
kernel_run,0,1170,0,8
kernel_run,1,0,2,8
kernel_run,1,0,0,8
kernel_run,0,1187,1,8
kernel_run,1,0,1,8
kernel_run,2,388,4,8
kernel_run,2,389,5,8
kernel_run,2,379,6,8
kernel_run,2,407,3,8
kernel_run,2,259,0,8
kernel_run,2,276,7,8
kernel_run,2,272,2,8
kernel_run,2,265,1,8
kernel_run,3,735,3,8
kernel_run,3,708,1,8
kernel_run,3,759,5,8
kernel_run,3,772,4,8
kernel_run,3,740,0,8
kernel_run,3,760,6,8
kernel_run,3,736,7,8
kernel_run,3,746,2,8
kernel_run,4,35,3,8
kernel_run,4,0,2,8

kernel_run,5,0,3,8

kernel_run,5,0,7,8
kernel_run,5,0,6,8
kernel_run,6,2,3,8
kernel_run,6,2,2,8
kernel_run,6,2,7,8
kernel_run,6,2,5,8
kernel_run,7,1,4,8
kernel_run,7,1,7,8
kernel_run,7,1,5,8
kernel_run,7,1,6,8
kernel_run,8,5,3,8
kernel_run,8,5,2,8
iteration_run,99,2229,3,8
run,8,5,4,8
iteration_run,99,22iteration_run,99,22iteration_io,99,5,3,8
9,22iteratiiteration_io,99,5,2iteiteration_io,99,4,1iteration_io,99,5,6,8
,8
